thread_id,customer_tweet_id,customer_text,customer_created_at,brand_tweet_id,brand_text,brand_created_at,llm_intent
551938,551938,"@AmazonHelp hi! my order was supposed to arrive on the 29th, but the tracking number says it can't be delivered because there's a problem with my address. i spoke with someone from amazon 2 days ago who told me it was fixed but the error still displays and my order still hasn't arrived.",Sat Dec 02 19:24:04 +0000 2017,551937,@248651 Oh no! Has the tracking status been updated since the scan that said it can't be delivered: https://t.co/Y5jpI9gRhE? ^JO,Sat Dec 02 19:29:00 +0000 2017,delivery_issue
1544509,1544509,@115850 @115821 https://t.co/hNDDbomp4r,Sat Nov 04 05:05:34 +0000 2017,1544508,"@478409 Please don't provide your order details, we consider it to be personal information. Our page is visible to the public. ^KA",Sat Nov 04 05:29:35 +0000 2017,other_uncategorized
1270999,1270999,@115850 can I pay for my COD order using Amazon pay?,Thu Oct 26 14:11:56 +0000 2017,1270997,@417583 I'm afraid you'll not be able to pay using pay balance at the time of delivery. For detail refer here: https://t.co/oNCBzNnYig ^SG,Thu Oct 26 14:34:04 +0000 2017,payment_billing
173489,173489,@AmazonHelp Amazon Logistics,Fri Nov 24 23:11:12 +0000 2017,173491,"@156616 J'en suis navrée, je vous prie dans ce cas-là de le signaler à notre SAV via : https://t.co/hgIrz98cdI et si possible de nous indiquer le numéro de suivi concerné afin qu'on puisse remonter cet incident également.
^KE",Fri Nov 24 23:17:29 +0000 2017,other_uncategorized
1155079,1155079,"@AmazonHelp J'ai fait, mais sur l'un des articles absents du colis, on me demande de le renvoyer :/ Comment faire pour changer ce statut ?",Tue Oct 24 18:07:50 +0000 2017,1155081,@391728 C'est au SAV de réctifier les paramètres de ce retour. Merci de ré-utiliser le lien ci-haut. Désolé pour cette confusion ^KD,Tue Oct 24 18:14:00 +0000 2017,delivery_issue
2226762,2226762,"Typical ! @115830 take money for next day delivery but every time they fail &amp; when you complain they say ‘try the carrier, not out fault’! I did not buy from carrier you numpties I bought from you #AmazonExtortion #AmazonRipOff",Fri Nov 10 08:56:44 +0000 2017,2226760,@649984 I'm sorry to hear that were you given a reason for the delay? ^AS,Fri Nov 10 09:01:24 +0000 2017,delivery_issue
652169,652169,@UPSHelp My package from @2629 is lost&amp; my @115821 was supposed 2 b here at the end of the day 2 day....now the ETA has changed....AGAIN!!!!,Wed Nov 22 21:31:30 +0000 2017,652168,@274705 Oh no! Please let us know if it doesn't arrive by the new delivery date. ^MT,Wed Nov 22 21:34:29 +0000 2017,delivery_issue
633558,633558,". @115821's Kindle Fire OS is unusable. The new Fire Kids Editions I bought were literally impossible to set up without accepting a trial of Kindle Free Time Unlimited.

I can't figure how to limit the apps my 6yo can see and download to only things I have approved.",Wed Nov 22 16:48:47 +0000 2017,633557,"@270176 Hi there, Dave! We'd love to help out in any way we can. Please reach out to us via phone or live chat here: https://t.co/hApLpMlfHN, so we can look further into this with you in real-time. ^WJ",Wed Nov 22 16:57:00 +0000 2017,other_uncategorized
190359,190359,@AmazonHelp Sir what happened ... Still now no action @115850,Wed Oct 04 18:24:26 +0000 2017,190358,@160662 We'll reach out to you soon. (2/2) ^AS,Wed Oct 04 18:51:00 +0000 2017,support_process_complaint
481515,481515,"@AmazonHelp Have done that already, but no response. Just started with #AmazonPrime and it doesn't look good.",Fri Dec 01 15:02:19 +0000 2017,481517,"@229455 Just to check, could you confirm whether you have an account with https://t.co/nUUp5MLhYl or Amazon.in? ^MD",Fri Dec 01 15:31:32 +0000 2017,support_process_complaint
682630,682630,@115850 Else call me @ 7903044398,Sat Oct 21 13:25:18 +0000 2017,994443,@282901 I understand your disappointment. Could you please confirm if you've shared the details from the link provided earlier? ^VR,Sun Oct 22 15:34:32 +0000 2017,other_uncategorized
1680090,1680090,@AmazonHelp Plz check __email__ amazon id...Complaint is registered..he gifted me a gift card which is not working... @510903 ...U guys don't care for ur customer..I just spent 30 mins explaining same to ur customer rep over chat as well,Mon Nov 13 06:44:53 +0000 2017,1680091,"@510904 Please share your details on the link above and we'll get back to you at the earliest. Please don't provide your email details, as we consider it to be personal information. Our Twitter page is visible to the public. ^PS",Mon Nov 13 07:11:30 +0000 2017,support_process_complaint
927512,927512,"@AmazonHelp @115850 @119625 again one of my friend is facing ur pathetic srvc,this is repeating for second time,very disappointed https://t.co/7aKVTTnaHt",Thu Oct 19 19:39:39 +0000 2017,927516,"@305262 Please don't provide your order number, we consider it to be personal info. Our Twitter page is visible to the public. ^MP(2/2)",Thu Oct 19 20:09:08 +0000 2017,support_process_complaint
461263,461263,"Eu te amo, @117086! https://t.co/wlu7K4R6l2",Fri Dec 01 02:16:16 +0000 2017,461261,"@224598 O amor é mútuo, AQ! 🙈 Você adora ler mesmo, não é? Qual livro você vai ler primeiro? 🤔 ^CR",Fri Dec 01 02:18:28 +0000 2017,other_uncategorized
255080,255080,@AmazonHelp What’s the US version of that please? I’m in the US w/my US acct.,Thu Oct 05 20:26:47 +0000 2017,255081,@176639 Sorry about that! Here you go: https://t.co/hApLpMlfHN ^TR,Thu Oct 05 20:29:35 +0000 2017,product_info_availability
1932440,1932440,@116439 I’ve reset to factory and still buffers. 4 ft from modem/router and still buffers. Other devices don’t.,Wed Oct 18 15:12:31 +0000 2017,1932439,@284884 I'm sorry to hear the device is buffering! Have you tried to restart the router and modem as well? ^DD,Wed Oct 18 15:37:00 +0000 2017,account_technical
806236,806236,@AmazonHelp Perhaps a box would be better than an envelope for a heavy paperback book? https://t.co/dY7f7LRbKE,Sun Sep 24 03:04:53 +0000 2017,806235,"@312130 Oh no! We'd like to help, please reach us here for available options: https://t.co/hApLpMlfHN ^AG",Sun Sep 24 03:27:28 +0000 2017,product_info_availability
534976,534976,@AmazonHelp For your kind information even @133929  is not picking my call so how can i expect delivery by 8 PM ? Please provide me the contact of delivery boy so that i can talk to him directly please,Sat Dec 02 12:46:12 +0000 2017,534979,"@243936 Twitter being a social media platform, we wouldn't have the direct to your access to your account. Request you to reach out to our support team here: https://t.co/R3EfhzgU8B and we'll assist you further. ^NK",Sat Dec 02 13:06:00 +0000 2017,delivery_issue
1126653,1126653,@AmazonHelp I had ordered a centre table and was scheduled for installation and no one came called customer service and got a rude reply with no help,Sun Oct 15 14:25:40 +0000 2017,1126655,"@385652 We'll escalate this right away. Drop your details here: https://t.co/W4oPvmQ0cd, we'll get back with an update. ^HT",Sun Oct 15 14:57:00 +0000 2017,support_process_complaint
278709,278709,"@115850 I had ordered this for last Diwali. It's been a year and you're still ""Preparing for dispatch"" !! 😂😂😂 https://t.co/YBC1fJrlVO",Fri Oct 06 06:47:16 +0000 2017,278708,"@182466 Please don't provide your order details, we consider it to be personal information. Our page is visible to the public. ^KA",Fri Oct 06 08:17:28 +0000 2017,delivery_issue
573529,573529,@AmazonHelp @115850 ur clearly shows that u don't have monitoring mechanism for vendor. Anyone can charge what he wish. Charging 25% of product cost 4 delivery is criminal. It will impact ur compny in long term n competitive market,Sun Dec 03 06:35:45 +0000 2017,573530,"@254825 If it's a seller fulfilled order, the delivery charges are subject to change with respect to each seller. Having said that, as mentioned earlier, we'll be sure to pass this on as a feedback internally. Appreciate your patience. ^PB",Sun Dec 03 07:04:00 +0000 2017,other_uncategorized
1773267,1773267,@AmazonHelp It was usps but it didn’t update til 8:05 pm that they would not deliver it until stated above,Wed Nov 08 02:44:33 +0000 2017,1773269,"@454578 That's incredibly frustrating, again, I'm sorry. Please keep us posted on your delivery tomorrow. ^AM",Wed Nov 08 02:48:30 +0000 2017,delivery_issue
1092361,1092361,@116618 what's going on? Why #MrRobot ' s season 2 is unavailable in Italy? https://t.co/OCbtttXRdu,Sat Oct 14 22:36:19 +0000 2017,1092360,@377769 There aren't any updates at the moment but stay tuned for more info! ^VE,Sun Oct 15 04:18:30 +0000 2017,product_info_availability
1279696,1279696,@AmazonHelp One to two hours... What does Amazon Help help with?,Mon Oct 16 09:36:25 +0000 2017,1279697,"@419446 might take some time, but please let us know once it happens and let us know how it goes! 2/2 ^RL",Mon Oct 16 09:41:39 +0000 2017,other_uncategorized
445532,445532,"@AmazonHelp Asking about the issue again and again on different platforms and via different means, a bot sometimes or a remotely situated call center sometimes,and not doing anything about the issue ACTUALLY.
Is it the new face of customer harassment?",Wed Nov 22 09:54:15 +0000 2017,445531,@220507 I'm sorry for the unpleasant experience. Kindly fill in your details here: https://t.co/beaaDlIL5C and we'll get back to you with an update. ^AU,Wed Nov 22 10:19:30 +0000 2017,support_process_complaint
2922464,2922464,How fast are your drivers @115821? You’ve got 15 minutes to make it here by your own self imposed deadline. What am I paying for?!,Wed Nov 29 01:45:46 +0000 2017,2922463,@116917 I'm sorry for the frustrating experience. Please let us know if your order doesn't arrive by the provided time. ^ST,Wed Nov 29 01:51:31 +0000 2017,delivery_issue
1393370,1393370,o dvd de Rain 6 dolares @115821 eu te amooooo,Sat Oct 28 13:28:07 +0000 2017,1393368,@444057 Pacto de amor por toda eternidade 💞😁 ^VL,Sat Oct 28 13:34:00 +0000 2017,other_uncategorized
2679270,2679270,@119625 NCIS S1 subtitles are not synced and alligned​ . Kindly correct it .,Tue Oct 31 14:37:53 +0000 2017,2679269,"@303022 Thank you for flagging this to us, I will forward your feedback internally to get this fixed. ^BS",Tue Oct 31 15:03:00 +0000 2017,other_uncategorized
994182,994182,@AmazonHelp 20 minutes ago by email and currently on chat. However chat is unable to help.,Sat Oct 14 12:22:20 +0000 2017,994183,@178186 What are they advising? ^PK,Sat Oct 14 12:45:29 +0000 2017,support_process_complaint
222653,222653,@115821 @116316 @AmazonHelp can answers my e-mails? I want know why my account was locked. I send t requested info but I am still waiting,Thu Oct 05 00:08:49 +0000 2017,222651,@169192 Did you already get in touch with our customer service? Regards ^UK,Thu Oct 05 04:22:37 +0000 2017,account_technical
1404781,1404781,@AmazonHelp I contacted with your customer service but no solution yet.,Sun Oct 29 01:41:46 +0000 2017,1404782,"@446599 I get your concern about the cash back, Arindam. Please share your details here: https://t.co/GIJyeYqKE0 I'll reach &amp; assist. ^SV",Sun Oct 29 01:51:00 +0000 2017,support_process_complaint
2805950,2805950,@130293 cada cuanto tiempo se suben novedades a la plataforma?,Wed Nov 22 02:57:02 +0000 2017,2805949,@782590 Hola lovefox. Se publican todos los días. ^JJ,Wed Nov 22 03:01:00 +0000 2017,product_info_availability
1262242,1262242,@AmazonHelp please can you provide customer service phone number. I need to speak urgently with someone about replacement also damaged,Thu Oct 26 10:35:52 +0000 2017,1262241,@415654 Please reach us here:  https://t.co/JzP7hlA23B ^CD,Thu Oct 26 10:55:00 +0000 2017,other_uncategorized
308898,308898,@AmazonHelp can I get someone in management to please contact me?  I have had Amazon Prime since the month u started it.  I need local help,Mon Oct 02 02:48:14 +0000 2017,308897,"@164558 We're here for you. Without posting account information, would you let us know what's going on today? ^AM",Mon Oct 02 03:31:49 +0000 2017,support_process_complaint
2974867,2974867,@115821 @2150 #LaserShit Tracking says item delivered but it's not here. WTF?,Thu Nov 30 02:38:54 +0000 2017,2974866,@335256 I'm sorry to hear you haven't received your package yet! Please follow the steps here: https://t.co/Kk4My6ZcYP. ^DG,Thu Nov 30 02:47:33 +0000 2017,delivery_issue
526113,526113,"@AmazonHelp 分かりました。
ご迷惑をおかけして申し訳ございません。
ご丁寧に有難う御座いました。",Sat Dec 02 07:14:33 +0000 2017,526114,@241731 とんでもないことでございます。どうぞよろしくお願いいたします。TN,Sat Dec 02 07:16:00 +0000 2017,other_uncategorized
327079,327079,@AmazonHelp  Ordered a pair of glasses for a blackout theme and payed extra to get them the next day. Now they won’t come until Monday? Smh.,Sat Oct 07 16:42:47 +0000 2017,327078,@193945 Hi Max! I can certainly understand why you'd be upset. We've received your DM and have responded. ^HC,Sat Oct 07 16:46:28 +0000 2017,delivery_issue
1773511,1773511,"@AmazonHelp Hi! No, none of those. I'm referring to the survey that advises: ""Your latest activity qualifies you for a promotional gift"". It's $50",Wed Nov 08 03:11:22 +0000 2017,1773513,@533024 We'd like to take a closer look at this with you. Please reach out to us at your convenience here: https://t.co/hApLpMlfHN ^LJ,Wed Nov 08 03:17:00 +0000 2017,promo_giftcard
539758,539758,"@AmazonHelp Ich habe derzeit KEINEN Stick, da ich ihn aufgrund der zu diesem Zeitpunkt fehlenden Option zurückgeschickt hatte. Die Option scheint nun also wieder integriert zu sein? Nicht dass ich ihn jetzt erneut bestelle und sie doch fehlt oder irgenwann wieder blödsinnig entfernt wird.",Wed Nov 22 16:39:37 +0000 2017,539757,"@245182 Alex, wenn du ihn wieder hast, stell bitte die Frage einfach erneut. Wir beantworten dir das dann selbstverständlich gerne noch einmal 🤠🤗😘 ^AS",Wed Nov 22 16:59:01 +0000 2017,product_info_availability
1647473,1647473,@AmazonHelp Can you advise which would be the most appropriate non-order question to use from the dropdown menu?,Mon Nov 06 03:28:57 +0000 2017,1647475,"@503340 Sure! To contact us, select the option for Prime or something else and then select more/other non-order questions. ^QJ",Mon Nov 06 03:44:29 +0000 2017,product_info_availability
1416833,1416833,"@AmazonHelp prime order delivered incomplete.  i called 4x, spent 45 min on phone.  no resolution.  beyond frustrated.",Thu Nov 02 03:07:30 +0000 2017,1416827,@449289 I'm so sorry your order was incomplete! What information was provided from the representative you spoke with? ^QJ,Thu Nov 02 03:22:05 +0000 2017,delivery_issue
1398060,1398060,@AmazonHelp Wollte ich eigentlich hiermit tun^^,Sat Oct 28 16:02:07 +0000 2017,1398062,"@445119 Wenn du sie uns per Anhang schickst, haben wir weitere Infos mit denen die Kollegen arbeiten können. (E-Mail Header etc.) ^MI",Sat Oct 28 16:12:36 +0000 2017,other_uncategorized
23183,23183,@AmazonHelp Oui j’attends un mail de remboursement qui n’est jamais arrivé,Wed Nov 01 09:34:40 +0000 2017,23184,"@121049 D'accord, Veuillez nous tenir informés si vous avez reçu l'email de remboursement.",Wed Nov 01 09:39:24 +0000 2017,refund_return
259408,259408,@115830 just bought two Disney blu-rays from the 2 for £14 deal but seem to have been charged full price at checkout.,Thu Oct 05 20:24:02 +0000 2017,259407,"@177686 I'm sorry! We don't have access to your order details via Twitter, please reach out to us here: https://t.co/JzP7hlRCV9 ^ME",Thu Oct 05 20:33:34 +0000 2017,payment_billing
1632176,1632176,@AmazonHelp Mal chegaram já estão na bagunça... cobrar por algo que não entregou não seria roubo?,Sat Nov 18 20:36:50 +0000 2017,1632174,"@499460 Leadro, o que foi indicado para você pelos nossos colegas do SAC? ^LG",Sat Nov 18 20:41:08 +0000 2017,refund_return
797514,797514,@115851 let me know how to send @115850 gift card to you I'm feedup with this joker's I've 3072 inr balance need to transfer you,Thu Oct 12 14:36:12 +0000 2017,797511,"@158494 As requested previously, please fill in your details in the form provided so we could fix this. ^JC",Thu Oct 12 15:03:05 +0000 2017,promo_giftcard
69841,69841,"@116090 - Hi there, I contacted the store 4 business days ago but have not heard back. Is there a help email at amazon? I can't make a A-Z claim at this time.",Mon Nov 27 17:14:21 +0000 2017,69839,@131814 Hello Julianne - I'm sorry to hear the seller hasn't responded. Please reach out to us by phone or chat so we can look into our options together in real-time: https://t.co/dNXwBZPiM6 ^GR,Mon Nov 27 17:26:33 +0000 2017,support_process_complaint
1582030,1582030,@AmazonHelp Sooo.... this still hasn’t showed up? Next day delivery at its finest @AmazonHelp,Mon Nov 06 20:05:21 +0000 2017,1582032,@486974 What information was provided when you contacted us? We're here to help! ^ZW,Mon Nov 06 20:10:00 +0000 2017,delivery_issue
2940260,2940260,@AmazonHelp Please send me your email I’d and I shall forward you the response I sent already!!!,Thu Nov 30 03:44:28 +0000 2017,2940261,@270214 Please write back to us on email correspondence sent by our (social media) team and we'll respond to your concern. ^SF,Thu Nov 30 03:54:00 +0000 2017,support_process_complaint
2008300,2008300,"@AmazonHelp why am I paying for Prime if my ""two day free shipping"" takes more than two days....",Wed Oct 18 20:15:48 +0000 2017,2008298,@593859 Have we missed your estimated delivery date in your confirmation e-mail? Please let us know: https://t.co/BSdyHZWRr0 ^KJ,Wed Oct 18 20:21:01 +0000 2017,payment_billing
2200740,2200740,"@115830 at which point does leaving a parcel on the doorstep constitute as being ""handed to resident""?",Sun Nov 26 14:13:18 +0000 2017,2200739,@615458 I'm sorry for the conflicting information. Feel free to e-mail us the order information and we'll review the feedback: https://t.co/JzP7hlA23B ^MG,Sun Nov 26 14:16:28 +0000 2017,delivery_issue
1135201,1135201,@AmazonHelp My student prime has been activated yet I've still been charged for normal prime hence why I have contacted you,Tue Oct 24 20:23:31 +0000 2017,1135202,"@387435 I'm so sorry for this experience, Niha. We'd like to look into this further. Please contact us here: https://t.co/JzP7hlA23B ^HS",Tue Oct 24 20:55:33 +0000 2017,payment_billing
1470775,1470775,Paid for one day shipping and it’s still not here I’m peeved!! @AmazonHelp https://t.co/QrPs8QlGP5,Fri Nov 03 00:38:20 +0000 2017,1470774,@461387 I'm sorry for the delay! Late packages tend to arrive the following day. Please keep us posted.,Fri Nov 03 00:45:28 +0000 2017,delivery_issue
644725,644725,@115830 three of us at home - no door knock but a card has just been out through the door ‘sorry we missed you - parcel in porch’. Ermmmmm really?! No one knocked!!!!!,Wed Nov 22 18:17:44 +0000 2017,644724,"@273027 I'm very sorry for that experience, Joanne. Whenever you have time, we'd be happy to directly receive your feedback here: https://t.co/JzP7hlA23B ^SK",Wed Nov 22 18:26:00 +0000 2017,delivery_issue
2931434,2931434,Hey @116618 why isn’t episode 9 of #Lucifer on the app yet? I thought it was every Tuesday?,Wed Nov 29 07:26:10 +0000 2017,2931433,"@810822 Hi, thanks for letting us know. I have raised this with the Amazon Video team so they can look into this. Keep an eye on the website.^ES",Wed Nov 29 07:43:52 +0000 2017,product_info_availability
1565142,1565142,@115830 please can you help me speak to a real person rather than a robot on the Amazon flex driver support.,Tue Oct 17 05:19:19 +0000 2017,1565138,"@483198 We'd like to help. Without providing any personal info, please tell us more about what's going on. ^KB",Tue Oct 17 05:26:27 +0000 2017,support_process_complaint
1247750,1247750,"@AmazonHelp UPS —the company is called Looseplus, I believe.",Thu Oct 26 01:52:32 +0000 2017,1247752,"@412748 We can take a closer look into available options. When you have time, we can be reached via phone: https://t.co/hApLpMlfHN ^EP",Thu Oct 26 01:59:34 +0000 2017,delivery_issue
266854,266854,@179592 @116313 たまらんですなぁ,Thu Oct 05 23:50:44 +0000 2017,266853,@179591 @179592 |ω・)ﾁﾗｯ.｡oO(ぜひご覧ください✨) YM,Thu Oct 05 23:56:32 +0000 2017,other_uncategorized
1284506,1284506,@115830 account on hold thru on fault of my own for 3 weeks. No help from @AmazonHelp. Call back within 24 hours yeah right,Thu Oct 26 18:23:39 +0000 2017,1284505,@420470 I'm sorry you haven't heard back. The Account Specialists are an email support team. Have you received any emails? ^AJ,Thu Oct 26 18:29:40 +0000 2017,account_technical
2581882,2581882,@AmazonHelp My package was stolen:( What do I do? Cannot find anything on the website.,Thu Nov 16 22:53:12 +0000 2017,2581881,"@731733 Oh no! We'd love to review your options in real-time via phone or chat, please reach us here: https://t.co/hApLpMlfHN ^NN",Thu Nov 16 23:10:36 +0000 2017,delivery_issue
1772327,1772327,@117795 who do I contact regarding an issue with my order?,Wed Nov 08 01:38:58 +0000 2017,1772325,@532694 Hello! To get in contact with our Prime Now team contact us here: https://t.co/9HDWDUhk9r ^AR,Wed Nov 08 01:45:00 +0000 2017,other_uncategorized
2542973,2542973,"@115850 hello amazon!! Have ordered a product on your site, having a prime membership it didnt get delivered till now .. Its a birthday gift .. Wasnt expecting this from your service! Need some help regarding this..",Thu Nov 16 12:44:53 +0000 2017,2542972,"@722965 Apologies for the delay, please share your details here: https://t.co/cQVomR1pWz and we'll look into this for you. ^SU",Thu Nov 16 12:57:00 +0000 2017,delivery_issue
365215,365215,@AmazonHelp I've had a couple of times! How many details you need for one resolution ?? I am amazed to see on the post-sale services! Need to buck-up!,Wed Oct 11 15:57:59 +0000 2017,365216,"@202515 If you have shared your details, you must have received a correspondence from our team. Request you to check. ^SQ",Wed Oct 11 16:20:31 +0000 2017,support_process_complaint
2395755,2395755,This is a cheap A4 frame in a massive box of bubble wrap - thanks #Amazon!! #wrapping #bubblewrap https://t.co/zHZJAcgNrZ,Tue Nov 14 12:15:17 +0000 2017,2395754,@552482 Sorry about that. Please leave us your packaging feedback here: https://t.co/TH7UAFZey5 ^RS,Tue Nov 14 12:32:36 +0000 2017,other_uncategorized
2363242,2363242,"¿Cómo no amar Amazon si hice mi pedido ayer y llegó hace 3 horas? Es como para abrazar al repartidor, preguntarle si ya comió y echarle la bendición",Mon Nov 13 21:32:38 +0000 2017,2363240,"@682328 Hola Rheya, ¡nos alegra muchísimo escuchar que recibiste tu pedido tan pronto y esperamos que disfrutes mucho todas tus compras realizadas en Amazon México!  ^CB",Mon Nov 13 21:38:00 +0000 2017,other_uncategorized
478554,478554,@AmazonHelp Disgusting just disgusting service 😤😤😤😤😤😤😤😤😖😖😖😖😖😖😖😖,Fri Dec 01 12:29:20 +0000 2017,478551,"@228684 We would like to help you. However, we wouldn't be able to access your account on Twitter. Please drop your details in the link shared earlier and we'll get in touch with you soon. ^BV",Fri Dec 01 12:37:00 +0000 2017,other_uncategorized
2429474,2429474,Thank God @115830 filled the box with extra paper packing.... would have been gutted if my new duvet had smashed in transit!,Tue Nov 14 19:53:14 +0000 2017,2429473,"@697472 We are always looking ways to improve. You are welcome to provide packaging feedback via this link: https://t.co/ZEcZpFQelh
^SC",Tue Nov 14 20:29:00 +0000 2017,other_uncategorized
1283821,1283821,I confess: I am an online shopper. Satisfied how fast @117795 delivers my purchases. New toy I bought. #stabilizer #upthegame https://t.co/HXLNfkXa58,Thu Oct 26 18:02:47 +0000 2017,1283820,"@420315 Hey Nadia, I am glad to hear that we exceed your expectations! Make sure to show off those pictures! ^LS",Thu Oct 26 18:12:52 +0000 2017,other_uncategorized
1303669,1303669,@AmazonHelp I have a question about a delivery I have coming.,Fri Oct 27 01:26:02 +0000 2017,1303667,"@424633 We're here to help, Tyler! What questions do you have? ^HC",Fri Oct 27 01:28:32 +0000 2017,delivery_issue
222399,222399,@AmazonHelp j'ai un problème avec ma commande,Wed Nov 15 15:10:19 +0000 2017,222398,"@169115 Bonjour, En quoi puis-je vous aider?
^YL",Wed Nov 15 15:14:43 +0000 2017,delivery_issue
1955325,1955325,"Is this why I pay for Amazon Prime, @115851 ?? FIVE DAYS and you have a mega depot less than one hour from my house... @AmazonHelp https://t.co/5WodcQaM0e",Wed Oct 18 16:42:44 +0000 2017,1955324,@270206 Many factors affect the date of delivery of an order. Some items are not eligible for one day delivery.^ASZ,Wed Oct 18 17:06:38 +0000 2017,delivery_issue
631713,631713,"@119625 Why is comrade detective, an amazon production, not available on prime video in India?",Wed Nov 22 15:45:23 +0000 2017,631712,@269706 We will continue to add new content. Keep checking https://t.co/FYM9PIZOR8 where we highlight the latest movies and TV shows we have available. ^RB,Wed Nov 22 16:06:00 +0000 2017,product_info_availability
2766995,2766995,How is this two day shipping amazon?? @115821 #amazonprimesucks #sounreliable #twodaysmeans7 https://t.co/2atMBKg9vM,Tue Nov 21 10:25:42 +0000 2017,2766993,"@773765 Hello Kasia. I can confirm 2 day delivery option would be from the date the item dispatches. Once you select your address, the system will determine the estimated date based on the location of the item from your address. ^GA",Tue Nov 21 10:39:36 +0000 2017,delivery_issue
2205220,2205220,@115821 Why can't I control my fire TV from my kindle any more?,Thu Nov 09 20:57:26 +0000 2017,2205219,@644787 We'd love to help! Are you trying to use the screen mirroring feature or are you using the Fire TV Remote App? ^ZW,Thu Nov 09 21:14:00 +0000 2017,account_technical
114304,114304,@115830 I do not approve of your delivery methods. #Disgrace  found these parcels for my neighbours #Dumped at the bottom of my garden. https://t.co/KUMmQ1vZHV,Thu Nov 23 21:23:40 +0000 2017,114302,@141408 I'm terribly sorry to see your parcels left like this. We'd like to document courier feedback with you here: https://t.co/JzP7hlA23B. ^EZ,Thu Nov 23 21:26:00 +0000 2017,delivery_issue
1133492,1133492,"@115821 @115850 
@119625  @AmazonHelp 
I ordered my product before 6hrs &amp; I've my prime membership still its not shipped yet?why?!!",Sun Oct 15 14:27:26 +0000 2017,1133489,@387082 Orders take time to be shipped by the vendors and they're delivered as per the estimated delivery date assigned. Kindly wait.^RS,Sun Oct 15 15:09:30 +0000 2017,delivery_issue
2179054,2179054,@115821 @AmazonHelp @115851 today I couldn't buy an iPhone 7 because you didn't had an option of paying EMI with Bajaj finsery card.,Thu Oct 19 12:25:21 +0000 2017,2179053,@638620 Sorry about that. I'll surely pass on your feedback to the concerned team internally Affan. ^HN,Thu Oct 19 12:35:26 +0000 2017,product_info_availability
1082232,1082232,Ya llegó @116875 para hacer la semana más amena con contenido de calidad. ☺️📽 https://t.co/lFPTeDlLgb,Mon Oct 23 20:15:00 +0000 2017,1082231,"@375290 Hola, Raúl ¡Buena elección! ¿Ya comenzaste a verlas? Nosotros preparamos las palomitas de maíz. :3 ^CR https://t.co/9gW5YCLrr4",Mon Oct 23 20:26:02 +0000 2017,other_uncategorized
439778,439778,"Hey @115821, was ist denn da schief gelaufen? In der Regel kommen die @5712 Lieferungen recht pünktlich. #Prime #AmazonPrime #DHL https://t.co/0D43R8pQgY",Wed Oct 11 10:02:36 +0000 2017,439777,"@219395 Das kann ich dir nicht sagen, da ich über Twitter keinen Zugriff habe. Melde dich bitte hier: https://t.co/cDHy5WiCek Gruß ^MF",Wed Oct 11 10:19:00 +0000 2017,delivery_issue
1095839,1095839,When you get cut off from @AmazonHelp and then it goes fubar when you try to call back And reconnect to the helpful person and can’t!,Mon Oct 23 21:38:44 +0000 2017,1095837,@378602 I'm sorry for the trouble you're having reaching us. Without sharing account/order details will you tell us what happened? ^DW,Mon Oct 23 21:41:16 +0000 2017,support_process_complaint
2495433,2495433,"@AmazonHelp 7 items split between 2 orders. 2 of those orders are non-amazon, the rest all say amazon llc",Mon Oct 30 01:34:23 +0000 2017,2495435,"@712207 While we appreciate that info, we need to know who the physical carrier was. You can find that info with the same link. 😊 ^JD",Mon Oct 30 01:50:30 +0000 2017,delivery_issue
665473,665473,@115850 What is this??😂 https://t.co/4ZhitfrO2e,Sat Oct 21 13:18:24 +0000 2017,923706,@339213 Thank you for flagging this. We'll get this rectified. ^SU,Sat Oct 21 13:43:34 +0000 2017,product_info_availability
2636905,2636905,"@AmazonHelp That's happening every single time, even if I leave the app for 2 sec https://t.co/Qqa1zqMzT3",Fri Nov 17 20:37:59 +0000 2017,2636907,@132143 Sorry you're having trouble with Amazon Video. Here is a link to a page that should help with this:https://t.co/E5XiZG2gjl ^AP,Fri Nov 17 20:52:26 +0000 2017,account_technical
2885643,2885643,@AmazonHelp Dispathed Today- arriving Thursday,Tue Nov 28 11:56:05 +0000 2017,2885642,"@800362 I am sorry for the inconvience caused, Tom. We have slightly extended the delivery window for some orders. You can find more information here: https://t.co/IHwnfzgEC9. ^SM",Tue Nov 28 12:00:40 +0000 2017,delivery_issue
391184,391184,"@115850 order product worth 1033 INR, received duplicate copy of 599 INR. DISGUSTING. @AmazonHelp is it pirated copy of book? https://t.co/DLGP2swNke",Mon Oct 09 15:29:32 +0000 2017,391182,@208623 here: https://t.co/TdDksLo6Mf and we'll look into this. (2/2) ^HD,Mon Oct 09 16:05:00 +0000 2017,refund_return
450789,450789,@AmazonHelp my usual card has been declined for no reason. Tried 2 of my others and they're being declined and I don't know why. It's definitely not a financial issue so I don't know what else it could be.,Thu Nov 30 21:33:07 +0000 2017,450788,"@221880 I'm sorry for the trouble with your card. As a first step, please take a look over the tips here and verify your billing address matches what your bank has on file: https://t.co/u0ohF3v0Ve. We recommend contacting your bank if the cards continue to decline. ^MB",Thu Nov 30 21:46:00 +0000 2017,payment_billing
817608,817608,@AmazonHelp What about out of India service,Fri Sep 22 19:16:09 +0000 2017,817607,"@314741 Due to certain geo restrictions, you might not be able to stream the content. Please refer here:https://t.co/xSGoAKy8hg. ^VN",Fri Sep 22 19:47:36 +0000 2017,product_info_availability
724619,724619,"Beware of this seller on Amazon ""Beauty_Basket storefront"", sells counterfeit products. @115850 https://t.co/63uDJ90UcQ",Wed Oct 11 03:42:32 +0000 2017,724617,"@293554 I apologize for trouble you had to go through, please reach out to us here: https://t.co/rS49hgaADF for further assistance. ^VR",Wed Oct 11 03:59:24 +0000 2017,security_scam_report
527750,527750,@AmazonHelp Yeah I checked there sadly couldn't find any sharing info.   Does anyone know in the office there?,Sat Dec 02 20:16:32 +0000 2017,527752,"@242165 I'm sorry, this is not something that we currently have available. ^VS",Sat Dec 02 20:39:07 +0000 2017,other_uncategorized
977743,977743,@AmazonHelp  https://t.co/mtbagFwZ2V,Sat Oct 14 08:26:20 +0000 2017,977744,"@351894 Please don't provide your order details, we consider it to be personal information. Our page is visible to the public. ^KA",Sat Oct 14 08:57:00 +0000 2017,other_uncategorized
986859,986859,@AmazonHelp Can you not just process and despatch the order and bill me seperately? I have the money and you have the item. We can fix this!,Sun Oct 22 12:27:38 +0000 2017,986860,@353862 We don't have access to your account or it's details via Twitter! Please give us another call: https://t.co/JzP7hlA23B ^TG,Sun Oct 22 12:39:24 +0000 2017,other_uncategorized
2602253,2602253,"@115850 ordered this book over a month ago, and on the very day I'm supposed to receive it you cancel the order. Care to explain???

Been a loyal customer for years, and this is how you treat your loyal customers? https://t.co/2MsZXYurOl",Fri Nov 17 07:57:41 +0000 2017,2602252,"@736487 Please don't provide your order details, as we consider it to be personal information. Our Twitter page is visible to the public. 2/2 ^PS",Fri Nov 17 08:28:30 +0000 2017,refund_return
539801,539801,@AmazonHelp @115821 .. I ordered HP laptop but you people delivered some screens. I am your one of the prime customers. And your team is not helping me. Expecting some response from you.. https://t.co/wwxVmhM7aQ,Sat Dec 02 14:46:40 +0000 2017,539799,"@245190 I'm truly sorry about the incorrect delivery being made! When you spoke with customer service, what did they advise you to do? Please let us know, we'd love to assist you with this. ^GP",Sat Dec 02 14:59:28 +0000 2017,delivery_issue
970985,970985,"@AmazonHelp Was til I complain, both Amazon and called OnTrac local dispatch, got much better, most deliveries lately have been UPS and USPS troublefree",Sun Oct 22 08:05:09 +0000 2017,970987,"@350395 Hi Bun, please keep us posted on the delivey status, as we want to be sure you receive your order without further issues. ^TS",Sun Oct 22 08:13:57 +0000 2017,delivery_issue
2305780,2305780,気づいたら俺はなんとなくAmazonプライム会員だった,Sun Nov 12 23:10:40 +0000 2017,2305779,@668970 (1/2)意図しないご登録となり申し訳ありません。プライム無料体験をご利用ではなかったでしょうか。ご登録後に自動更新をオフに設定されていない場合、体験期間終了後に有料会員へと移行となります。 YM,Mon Nov 13 00:03:34 +0000 2017,other_uncategorized
2467630,2467630,"21 minutes deep in a phone call with @117795, I don't often loose my temper, but I have now..",Sun Oct 29 21:06:37 +0000 2017,2467627,@706049 I'm sorry for this experience. Can you tell us more about what's gone on? ^DO,Sun Oct 29 21:09:28 +0000 2017,support_process_complaint
1042307,1042307,"@AmazonHelp Compañía de transporte
Amazon Logistics",Mon Oct 23 09:16:56 +0000 2017,1042309,@366439 En ese caso contactanos por acá para ver esto contigo: https://t.co/OjvUxwnzPe ^AR,Mon Oct 23 09:19:29 +0000 2017,delivery_issue
1700048,1700048,@AmazonHelp No card no one else has taken delivery and I've contacted the delivery agent but no luck!,Mon Nov 06 21:11:28 +0000 2017,1700050,@515555 That's odd! Let's look into this in real-time. Please reach to us when you have a free moment. https://t.co/JzP7hlA23B ^HM,Mon Nov 06 21:33:00 +0000 2017,delivery_issue
1095846,1095846,Aways a crapshoot w/ @115821 if #amzl_us will actually deliver . The odds are never in my favor.  Today they lied about a delivery (again).,Mon Oct 23 21:36:55 +0000 2017,1095844,@378603 Sorry you haven't received your order. Send details about this order here so we can investigate: https://t.co/vBXR5qNYgn ^CL,Mon Oct 23 21:40:07 +0000 2017,delivery_issue
1246334,1246334,all @AmazonHelp had offered is to refund my next day fee or cancel membership with a $50 refund. This is how they treat long time customers,Thu Oct 26 00:44:24 +0000 2017,1246333,@412404 Sorry! I'd like a member of my team to review this with you. Please give us more details here: https://t.co/Yylfz8wKww ^VB,Thu Oct 26 00:57:29 +0000 2017,support_process_complaint
1578312,1578312,@120533 Toujours aussi incapable....Avoir une livraison à date prévu est pas possible bordel de m*rde ! 🤬 https://t.co/an4cfsFiOU,Sat Nov 04 18:50:40 +0000 2017,1578310,"@486088 Bonsoir, désolée pour cela. Quel est le transporteur de votre colis je vous prie ? ^MA",Sat Nov 04 18:53:26 +0000 2017,delivery_issue
1446350,1446350,@AmazonHelp impossible de trouver ça sur le site ( ou je ne sais pas chercher ce qui est probable ),Thu Nov 02 16:16:02 +0000 2017,1446352,"@128315 N'ayant pas accès à votre compte sur Twitter, je prie de contacter notre SAV via : https://t.co/qzuu0dgDXz
^MD",Thu Nov 02 16:31:00 +0000 2017,product_info_availability
458894,458894,"@AmazonHelp I paid extra for one day shipping, can i expect that money back, as two Day was free and It will take 3-4",Fri Dec 01 01:27:07 +0000 2017,458896,@223981 I'm so sorry for the delivery experience! We'd like to help if we can. Please reach out to us here so we can look into this further: https://t.co/hApLpMlfHN ^MO,Fri Dec 01 01:45:00 +0000 2017,refund_return
1124984,1124984,"@AmazonHelp Ao todo foram 15 Livros, 13 vendidos pela Amazon e 2 por outros parceiro da loja.",Sat Nov 25 19:09:22 +0000 2017,1124985,@385270 Massa! Qual vai ser o primeiro livro que você vai ler? Você deve estar ansioso! 😃🔴⚫️👏 ^JJ,Sat Nov 25 19:16:56 +0000 2017,other_uncategorized
1085180,1085180,@AmazonHelp Both have now been delivered.,Mon Oct 23 19:28:16 +0000 2017,1085181,"@375973 Thanks for keeping us posted, David! Please let us know if there is anything else at all we could help with! ^SD",Mon Oct 23 19:32:41 +0000 2017,other_uncategorized
2363255,2363255,@AmazonHelp my delivery says it will be here by 9pm and it’s still dispatching at 9:28pm https://t.co/vTBaguAPQx,Mon Nov 13 21:30:15 +0000 2017,2363254,@531444 I'm sorry for this wait. Please use the following link so that we may do so: https://t.co/JzP7hlA23B ^DO,Mon Nov 13 21:33:00 +0000 2017,delivery_issue
2472402,2472402,"@AmazonHelp i have not, no. i can't see any option for me to do that either- when i click on ""view return label &amp; instructions"" there doesn't seem to be any means by which to request a new label...?",Wed Nov 15 12:46:51 +0000 2017,2472404,@707036 Can I ask for you to reach out to us through the link below and we will see what options we have for you:  https://t.co/hApLpMlfHN. Thanks ^GA,Wed Nov 15 13:05:28 +0000 2017,refund_return
180490,180490,@117086 quantos emails mais vou precisar enviar para vocês me responderem sobre meu pagamento de associados?,Wed Oct 04 12:23:05 +0000 2017,180487,"@158442 Olá DaYukie, você poderia nos explicar com mais detalhes o que aconteceu sem publicar detalhes da sua conta? ^DA",Wed Oct 04 12:27:33 +0000 2017,payment_billing
2934331,2934331,@AmazonHelp what part of nominated day delivery do you not understand? I won't be home today and you've ignored my request.,Wed Nov 29 09:59:35 +0000 2017,2934329,@136743 My apologies. Please get in touch: https://t.co/JzP7hlA23B and we'll be happy to look into what happened. ^DC,Wed Nov 29 10:12:55 +0000 2017,support_process_complaint
530751,530751,Hey @120533  pourquoi vous travaillé encore avec @120535 ? Deux jours que j'attends ma commande prime et impossible de savoir quand je serais livré ! #amazon #colisprive #neige #arnaque cc @1258,Sat Dec 02 10:04:38 +0000 2017,530749,"@242928 Bonjour, je suis désolée d'apprendre cela :/ L'avez-vous signalé à notre service client? ^FT",Sat Dec 02 10:24:54 +0000 2017,delivery_issue
930197,930197,@AmazonHelp New delivery instruction given last night and was guaranteed a delivery by end of today but of course that would be too easy. Followed up and called customer service today and was told that the delivery person will only deliver it tomorrow. #thumbsdown,Tue Nov 21 10:29:45 +0000 2017,930199,@192262 Really sorry for that. Who's the carrier in charge of the delivery please? ^FA,Tue Nov 21 10:39:36 +0000 2017,delivery_issue
361713,361713,"@AmazonHelp I want to buy the product, you mean today I cannot?",Sun Oct 08 17:59:38 +0000 2017,361715,@181613 Kindly reach out to our support team regarding the quantity limit here: https://t.co/jTRDpqC6sp. They'll look into this.^VN,Sun Oct 08 20:57:31 +0000 2017,product_info_availability
2587357,2587357,@AmazonHelp No me da esa opción,Mon Oct 30 18:12:34 +0000 2017,2587359,"@733104 Sara, en este enlace https://t.co/NyJI1v43Cb encuentras los dados de contactos de las compañías de transporte, avisanos. ^DA",Mon Oct 30 18:23:06 +0000 2017,other_uncategorized
725554,725554,@115850 i wanna ask a q? If u guys not able to deliver items right way den why blame to customer like address not correct/refused by same?,Wed Oct 11 04:16:45 +0000 2017,725552,@293795 That's unusual. Kindly report this here: https://t.co/vlvfJr4nN9 and we'll check. ^HK,Wed Oct 11 04:49:29 +0000 2017,delivery_issue
1030152,1030152,Amazonからの荷物が分かれるのが嫌すぎてギリギリまで粘ったのに品数4つで3つに分かれるってどういうこと💢💢💢,Mon Oct 23 04:14:23 +0000 2017,1030151,@363736 恐れ入りますが、当サイトでは、複数の配送センターで商品を管理しており、また、商品の大きさや種類、在庫状況等を元に、発送処理を進めております。大変申し訳ございませんが、まとめて発送をご指定の場合でも複数の梱包に分けて商品を発送させて頂くことがございます。TY,Mon Oct 23 04:28:30 +0000 2017,delivery_issue
2278366,2278366,"Thanks for leaving my parcel out in the heavy rain, @AmazonHelp @115830 nothing like a soggy birthday book... https://t.co/aBewQA2NBm",Sat Nov 11 17:25:05 +0000 2017,2278365,@662462 Oh no! This isn't the level of service that we expect our customers to receive. We want to make this right! Please contact us via phone or chat at the following link so we can discuss available options with you: https://t.co/JzP7hlA23B ^MW,Sat Nov 11 18:45:00 +0000 2017,delivery_issue
812373,812373,"@AmazonHelp £30 off my favourite perfume, a cool shirt for my sister and the best customer service from you guys. 

I think everyone’s happy. 😁",Sat Nov 25 09:56:08 +0000 2017,812375,@313579 😊😊 Oh that's really nice! Thank you for your awww comments :),Sat Nov 25 10:03:31 +0000 2017,other_uncategorized
2184675,2184675,"@AmazonHelp bonsoir, vous m'expliquez le nouveau concept de livrer le contenu du colis, ouvert, hors du colis !? https://t.co/oRLy9a6ndC",Thu Nov 09 17:54:07 +0000 2017,2184673,"@639868 Bonjour,
Je suis désolée d'apprendre cela. Quel est le transporteur en charge de la livraison?
^MD",Thu Nov 09 18:00:25 +0000 2017,product_info_availability
448654,448654,What’s the point in having amazon prime if my packages take forever to get here 😩 @115821 #hawaiiprobs,Thu Nov 30 20:46:15 +0000 2017,448653,@221299 Hey Joyce! I'm really sorry for the frustration. We'd like to help if we can! Do you have a recent order that's passed its delivery date given in your order confirmation e-mail? ^AJ,Thu Nov 30 20:54:29 +0000 2017,delivery_issue
546410,546410,@AmazonHelp I'm pretty sure the package was lost to be honest here and I'm extremely frustrated,Sat Dec 02 18:07:51 +0000 2017,546411,@247053 I'm sorry for the wait! Who's the carrier shown in Your Orders here: https://t.co/Y5jpI9gRhE? ^JM,Sat Dec 02 18:19:29 +0000 2017,delivery_issue
179981,179981,"@116928  buenos días, me parece increíble que después de 3 llamadas no me resuelvan el problema y me cuelguen. Vaya servicio d At cliente https://t.co/yQdJT3aZa5",Wed Oct 04 11:21:26 +0000 2017,179979,@158364 Lamento cualquier inconveniente. ¿Podrías comentarnos más sobre lo que ha ocurrido sin publicar detalles de tu cuenta? ^VL,Wed Oct 04 11:27:10 +0000 2017,support_process_complaint
2110456,2110456,I'm watching Mr. Robot #telfie @116618 #PrimeVideo #MrRobot S3 E2 #Hype https://t.co/oCIH90eoTI,Thu Oct 19 01:59:18 +0000 2017,2110455,@622569 👌,Thu Oct 19 05:06:31 +0000 2017,other_uncategorized
489514,489514,"@5503 @115833 when can we expect the video skills in Alexa app. There is no ""Music, Video, &amp; Books"" in Alexa app Indian edition as opposed to the doc at https://t.co/pGv5uDtxMg",Fri Dec 01 15:55:19 +0000 2017,489512,"@231584 Thousands of Indian &amp; global developers are bringing more than 10,000 skills to customers in India. Further, I'll be sure to pass your feedback to the concerned team internally. ^SG",Fri Dec 01 16:17:00 +0000 2017,product_info_availability
885476,885476,Qué lindo cuando son las 19.20 y el repartidor de @116928 sigue sin aparecer,Fri Oct 13 17:18:48 +0000 2017,885474,"@330255 Hola Perla, lamento las molestias. ¿Has intentado contactar con el transportista sobre esta entrega? ^LG",Fri Oct 13 17:29:29 +0000 2017,delivery_issue
279929,279929,@AmazonHelp worst app ever seen very poor customer service still no one taking responsibilty to solve the issue. pleaae better to discountinue app or customer servise if u think not solve customer issue or even laugh on customer complaint during the call...,Mon Oct 16 17:32:38 +0000 2017,279930,@182720 Apologies for the ordeal Mukesh. Please share your details here: https://t.co/GIJyeYqKE0 and I'll get back to you. ^HN,Mon Oct 16 17:55:00 +0000 2017,support_process_complaint
726357,726357,@AmazonHelp Received another ridiculous response from your customer service department. Can you please have this situation sorted today. At wits end.,Wed Oct 11 17:09:06 +0000 2017,726358,@293992 What information did we provide? ^TR,Wed Oct 11 17:17:00 +0000 2017,support_process_complaint
2376122,2376122,@115850 So convenient for you guys to just change the delivery date. It was supposed to arrive today and I have a trip tomorrow morning. What do you want me to do now? I want the bag for tomorrow morning 6AM. https://t.co/jU6abVosSH,Tue Nov 14 02:59:38 +0000 2017,2376120,@341062 Sorry to know about the delay in the delivery of the order. I'll be sure to pass on your feedback to our specialist team internally. Kindly wait until the mentioned time frame for the delivery of the order. Do keep us posted. Appreciate your patience. ^AK,Tue Nov 14 03:12:50 +0000 2017,delivery_issue
2834243,2834243,@AmazonHelp Je n'en ai pas le souvenir,Mon Nov 27 15:53:16 +0000 2017,2834244,@788974 Avez-vous vérifié cela avec notre SAV ? ^MA,Mon Nov 27 16:03:58 +0000 2017,other_uncategorized
76046,76046,"Hé oui @120533, je savais que vous ne publieriez pas mon commentaire car il vous dérange, je ne dis pourtant que la vérité, et pas grave, je le publie ici ! Faites qqch au sujet de vos livreurs franchement, y’en a marre !!!!! #amazon #amazonfr #@115821 https://t.co/rEaQpPbp15",Wed Nov 29 18:25:41 +0000 2017,76045,"@133019 Bonjour,
Rencontrez-vous un souci avec une livraison en cours? Pouvez-vous nous expliquer davantage la situation je vous prie? 
^SA",Wed Nov 29 18:43:00 +0000 2017,delivery_issue
1899097,1899097,"@AmazonHelp ご丁寧にありがとうぎざいます。アプリの入れ直しはやってみたのですが、もう一度試してみます。
洋書のサンプルをDLしたところ、国内出版物を検索しても検出されなくなったのですが、何か設定が必要でしょうか？",Tue Oct 31 03:34:43 +0000 2017,1899099,@565987 ご質問の件につきましては、ご利用環境などをお伺いした上でご案内させていただきますので、誠に恐れ入りますが、先ほどご案内したリンクよりカスタマーサービスにお問い合わせください。TN,Tue Oct 31 03:38:27 +0000 2017,account_technical
2513422,2513422,@AmazonHelp None. So prime will take 8+ days. Not acceptable. As mentioned it’s been less than 15 minutes away for 3.5 days.,Mon Oct 30 06:48:30 +0000 2017,2513421,@715243 Please contact us here: https://t.co/hApLpMlfHN so an agent can look into this order for you. ^JJ,Mon Oct 30 07:10:00 +0000 2017,delivery_issue
1364717,1364717,@AmazonHelp Elogio enviado! 😍,Fri Oct 27 21:28:14 +0000 2017,1364718,"@437745 Agradecemos muito seu comentário, Janaína. Um abraço grande para você 😊 ^LG https://t.co/AGsL8kkyMT",Fri Oct 27 22:02:11 +0000 2017,other_uncategorized
2107314,2107314,@117804 E a capinha do Kindle paperwhite? Essa não vai ter promoção nunca?,Sun Nov 26 12:36:10 +0000 2017,2107313,"@621856 Oi Daniel, não dispomos dessas informações mas assim que tivermos novidades serão anunciadas no site. ^VL",Sun Nov 26 12:38:00 +0000 2017,product_info_availability
1615590,1615590,"@115850  refund is issued on24th Oct, it's been 10days still awaiting for refund. Such an amazing service kudos.",Sun Nov 05 13:11:22 +0000 2017,1615589,@495481 our support team for further assistance? [2/2]^SK,Sun Nov 05 13:32:31 +0000 2017,refund_return
25013,25013,"@115850 I gt 2 updated from Amazon
First my product got shiped..
2nd I refused to take product...no cl for delivery",Wed Nov 01 09:06:45 +0000 2017,25011,@121408 Sorry for the trouble with the delivery. Have you reported this to our support team here: https://t.co/2t6DQoUmNZ? ^HR,Wed Nov 01 09:29:26 +0000 2017,delivery_issue
2254555,2254555,"Well Amazon is about to lose a ton of my business. I ship everything to work so nothing's gets swiped off my porch, which was fine w/UPS delivering. They are now passing stuff off to their own drivers who can't deliver during business hours.",Fri Nov 10 23:25:57 +0000 2017,2254554,@656709 We'd like to take a closer look into the delivery and available options. Please send us your information and any other details here: https://t.co/7os3tDRbRX ^LI,Fri Nov 10 23:30:44 +0000 2017,delivery_issue
1140848,1140848,"Eu entro na @117086 só pra pesquisar os livros que eu preciso ler, eventualmente comprar e nunca vou ler. :(",Tue Oct 24 15:36:47 +0000 2017,1140845,"@388546 Olá Carlos, eita nossa, por nunca vai ler? 😭 ^DA",Tue Oct 24 15:40:07 +0000 2017,other_uncategorized
1139778,1139778,@120533 un code de reduction pour ce panier ? https://t.co/MBXGkxAV2t,Tue Oct 24 10:12:25 +0000 2017,1139777,"@388297 Nous n'offrons pas de codes de réduction, ceci dit vous pouvez suivre les promotions via le lien: https://t.co/jJiZXOMu6x.^ASZ",Tue Oct 24 10:26:00 +0000 2017,promo_giftcard
224411,224411,"I will never call @amazonhelp again. Idiot picks up the phone, asks for my info and then puts me on endless hold. #badservice @115851",Thu Oct 05 04:31:05 +0000 2017,224409,@138638 Sorry to hear that! Can you tell us why you contacted us? Is there an issue with your account?^CD,Thu Oct 05 05:13:53 +0000 2017,support_process_complaint
1673662,1673662,Have literally waited all day for this and the driver didn’t even knock on the door. Hasn’t even left package at safe space. @AmazonHelp https://t.co/4lA2laZqUC,Mon Nov 06 17:12:44 +0000 2017,1673660,@220654 Oh no! We can take a look with you in real-time if you'd like to reach us via chat or phone: https://t.co/JzP7hlA23B ^KN,Mon Nov 06 17:27:47 +0000 2017,delivery_issue
416705,416705,@AmazonHelp please can you refund me money?,Sat Oct 14 11:04:43 +0000 2017,416706,@214410 I’d like to help; could you please confirm if you've shared the details provided in the link here: https://t.co/in4HM9TUcT. ^MO,Sat Oct 14 12:19:35 +0000 2017,refund_return
1445455,1445455,"Dear @115821, this is completely unacceptable. If I drove my other car I would have gone right over this package. https://t.co/zOHT7guI6K",Thu Nov 02 15:44:06 +0000 2017,1445454,@455416 So sorry! Who was the carrier listed for the order: https://t.co/Y5jpI9gRhE. Please let us know! ^KJ,Thu Nov 02 15:51:00 +0000 2017,delivery_issue
2349468,2349468,"&lt;3 you @Walmart! 18 orders, free fast shipping, 0 mistakes :D  you suck @115821! STILL waiting for my order from you, which was ordered several days before my latest WalMart order.",Mon Nov 13 17:16:04 +0000 2017,2349466,@679131 I'm sorry you haven't received your order! What was the delivery date based on your order confirmation e-mail? ^DD,Mon Nov 13 17:26:25 +0000 2017,delivery_issue
1699943,1699943,"@AmazonHelp Will Alexa understand Indian languages? if yes, then please share the list of supported Indian languages.",Tue Oct 17 19:01:11 +0000 2017,1699944,"@121283 and intonation; support for music titles, names, and places in additional non-English languages.  2/2 ^HD",Tue Oct 17 19:31:34 +0000 2017,product_info_availability
1828677,1828677,@AmazonHelp Thank you and BTW I just subscribed to prime :),Wed Oct 18 06:24:31 +0000 2017,1828678,@280266 Pleasure is all ours! Welcome to the Prime family. Happy shopping. :) ^SA,Wed Oct 18 06:42:31 +0000 2017,other_uncategorized
1269516,1269516,@AmazonHelp I have not ordered these products. Do you have any means to address any other issue than the orders I placed? It’s irritating 😠,Thu Oct 26 13:33:09 +0000 2017,1269515,@415591 Kindly allow our support team to look into the issue here : https://t.co/rS49hgaADF so that we can assist you accordingly. ^RI,Thu Oct 26 14:06:25 +0000 2017,support_process_complaint
1564991,1564991,"@AmazonHelp Fortunately the product is in working order, I was not informed of the delivery so I had no idea about it being left outside.",Sat Nov 04 15:02:12 +0000 2017,1564990,@483175 We typically send an e-mail when packages are delivered. Please check your spam/junk folders as they can be there. ^KJ,Sat Nov 04 15:05:26 +0000 2017,delivery_issue
812184,812184,@AmazonHelp How easily ur delivery team sent a message that parcel has been delivered and you guys had accepted that.Nice to see your real time service.,Sun Oct 15 19:53:07 +0000 2017,812191,"@313073 I'm sorry about that Rahul. Our team is working on it, kindly request you to wait and we'll get back to you with an update. ^GD",Sun Oct 15 20:09:00 +0000 2017,other_uncategorized
2124941,2124941,@115850 Have created a ticket with them and they promise to investigate this and resolve it in the next two days.,Wed Nov 08 17:44:13 +0000 2017,2124940,@625796 contact you soon. (2/2) ^MO,Wed Nov 08 17:51:34 +0000 2017,support_process_complaint
1693707,1693707,@115851 Not sure if you would be interested in knowing terrible experience I had while trying to rectify problem with my A/C @115850,Mon Nov 06 18:40:39 +0000 2017,1693705,@442894 Have you shared the details on the link provided to you earlier? If not yet then please do and we would connect shortly. ^KK,Mon Nov 06 18:59:00 +0000 2017,other_uncategorized
379310,379310,@AmazonHelp @115821 I got this status without even getting the parcel. So now amazon has started updating status without delivering. Sad. https://t.co/oprTnefcZn,Mon Oct 09 06:30:05 +0000 2017,379309,@206007 valued customer. Write to us here: https://t.co/GIJyeYqKE0 &amp; we'll take necessary actions to make things right. 2/2 ^MJ,Mon Oct 09 06:38:31 +0000 2017,delivery_issue
2971993,2971993,@AmazonHelp my package is supposed to be here by Friday and has yet to even be shipped and it's something I NEED. Help please?,Thu Nov 30 00:43:59 +0000 2017,2971991,"@292962 Thank you for reaching out! Packages can be shipped up and until the day the delivery is scheduled for. You can see up to date tracking info in Your Orders, here: https://t.co/Y5jpI9gRhE Please keep us posted, we want to ensure you receive your package. ^NN",Thu Nov 30 01:04:58 +0000 2017,delivery_issue
783804,783804,@AmazonHelp why has Amazon locked my account. How do I reach out to Amazon for resolving this?,Thu Oct 12 07:05:30 +0000 2017,783802,@307073 it and the team would reach out to you. (2/2) ^KA,Thu Oct 12 07:32:30 +0000 2017,account_technical
2621029,2621029,"@AmazonHelp Ill be returning it, without question, but just wanted to highlight the delivery because I cut my hand on the ceramic broken in the packaging - usually Amazon is very reliable but this isnt great.",Fri Nov 17 15:58:29 +0000 2017,2621028,"@740587 We want our team to investigate this further with you. Please send us your details using the following, secure, link: https://t.co/PsRv8NyhXB ^GR",Fri Nov 17 16:09:30 +0000 2017,delivery_issue
1356301,1356301,"@AmazonHelp os mesmos dados do cartão? se sim, gostaria de saber como faço para deletar esta conta",Sat Oct 28 00:26:41 +0000 2017,1356303,@436243 Enquanto está bloqueada não pode ser modificada ou deletada. No caso pode contatar com o nosso SAC pelo link enviado 1/2,Sat Oct 28 00:30:41 +0000 2017,account_technical
1502866,1502866,@AmazonHelp I redeemed it but I have problems with that.,Fri Nov 03 16:00:30 +0000 2017,1502867,"@468814 Hello Elric - Have you checked your messages for a benefit confirmation e-mail here: https://t.co/Yo6VD4ythL?

- Rick",Fri Nov 03 16:05:33 +0000 2017,promo_giftcard
1820145,1820145,@115850 Hey bought house of marley earphone on 30th may. One of the earpiece is stopped working. What to do?? Pl. Help,Sun Oct 29 06:36:48 +0000 2017,1820144,"@546436 Sorry to know about the trouble with the order. As the return window has expired, ^AK (1/2)",Sun Oct 29 06:44:38 +0000 2017,refund_return
1763248,1763248,@AmazonHelp Why am I being ignored??? 4 days on the trot I've asked for help!!! Even Amazon themselves asked you to help me! #hello,Tue Nov 07 20:19:38 +0000 2017,1763246,"@530485 Due to agreements with the content provider, the title is unavail on digital. You can buy on DVD: https://t.co/mV93z6rSD0 ^AN",Tue Nov 07 20:46:55 +0000 2017,support_process_complaint
2498483,2498483,@115850 @AmazonHelp Kindly look into this,Mon Oct 30 03:48:21 +0000 2017,2498481,@712913 That's odd. Kindly re-install the app once. Do let us know if the issue still persists. ^PS,Mon Oct 30 03:55:27 +0000 2017,support_process_complaint
461301,461301,@AmazonHelp Can you provide me with that link again?,Fri Dec 01 21:54:36 +0000 2017,461302,@209029 Of course! We can be reached via phone or chat here: https://t.co/hApLpMlfHN ^ML,Fri Dec 01 21:59:00 +0000 2017,product_info_availability
424313,424313,"@AmazonHelp Il me plaira meme beaucoup, sa marche je vous tiendrais informer 😉😊^^!!!",Tue Oct 10 13:42:40 +0000 2017,424314,@164975 Hâtes d'avoir de vos nouvelles ! 😉 ^RA,Tue Oct 10 13:53:00 +0000 2017,other_uncategorized
264753,264753,Dear @115850 Thank u 4 ur pathetic service delivery &amp; customer experience. Don't fool customer on the name of Prime &amp;1 day delivery.,Tue Oct 10 06:43:03 +0000 2017,264751,"@179071 We're sorry to hear that, Rahul. Could you please elaborate on what went wrong so we could check right away? ^HK",Tue Oct 10 07:02:29 +0000 2017,delivery_issue
469450,469450,@115850 Dear Amazon Maine Prime Membership Join Kr Li Hai But Abhi Tak Prime Membership Card And Wo Keychain Nhi Mili Hai Why....I Love That Keychain.,Fri Dec 01 06:40:27 +0000 2017,469448,"@226783 That was an introductory offer, available for limited time only. As an alternative, you can enjoy great videos and awesome deals with prime access. Welcome to the prime family. :D ^RW",Fri Dec 01 07:02:25 +0000 2017,delivery_issue
2418504,2418504,"Hey @115821 I order TONS of stuff from you, &amp; there's been a year's worth of shipping issues in the past 1-2 months. Your customer service can't seem to tell me any more info than the app. If I have to go out of my way to call about an issue, you'd better be able to explain it.",Tue Nov 14 17:31:08 +0000 2017,2418502,"@694899 I'm so sorry to hear you've been experiencing delivery issues! I understand that this can be super frustrating. Have you noticed this to be a trend with a particular carrier?

^AV",Tue Nov 14 18:01:32 +0000 2017,delivery_issue
448745,448745,"@AmazonHelp Colocaram no sistema a retificação do endereço, DUAS VEZES,e a transportadora não vê... Aliás, transportadora essa que não tem como entrar em contato... Que legal não?",Thu Nov 30 20:38:18 +0000 2017,448743,"@221318 Andrëw, você pode conferir as informações de contato das nossas transportadoras aqui: https://t.co/8eUcWyqW1U ^CR",Thu Nov 30 20:41:28 +0000 2017,delivery_issue
980067,980067,Amazonが届かな――い！,Fri Nov 03 05:00:56 +0000 2017,980066,@352394 ご心配をおかけしております。発送済みで注文履歴から配送業者や伝票番号がわかる場合には、お手数ですが配送業者へご確認いただけますでしょうか。お届け予定日内の場合は恐れ入りますが到着まで今しばらくお待ちください。SK,Fri Nov 03 05:09:00 +0000 2017,delivery_issue
932723,932723,"@118919 Very pathetic service of #AmazonIndia in Silchar,Assam.Parcel is in local delivery place for 6days, not delivered.",Sat Oct 21 12:02:34 +0000 2017,932721,@341244 Sorry to know you haven't received your order. Kindly report this to our support team here: https://t.co/cZ9PSVL8EL ^ OS,Sat Oct 21 12:18:28 +0000 2017,delivery_issue
2431224,2431224,@AmazonHelp Encuentran en casa se devuelve el producto y tengo que volver a esperar y tengo clases mañana. Gracias.,Tue Nov 14 20:44:28 +0000 2017,2431223,"@697865 Buenas noches, Del abismo. Tu comentario fue respondido aquí: https://t.co/OuNViTmyt9 ^CR",Tue Nov 14 20:49:26 +0000 2017,refund_return
1380643,1380643,@AmazonHelp Will do - thank you,Tue Nov 07 06:30:28 +0000 2017,1380645,@359083 Thanks- You're welcome. ^NV,Tue Nov 07 06:33:00 +0000 2017,other_uncategorized
135112,135112,"@AmazonHelp Sir I Had searched, pls share here. I will update and will be having no issues onto sharing live as 28 days with no support and just everyone taking time . I guess even a year is short for you guys.",Sat Nov 18 09:51:50 +0000 2017,135111,@146436 Could you please confirm if you've replied to the email correspondence sent from our end? ^RB,Sat Nov 18 10:15:29 +0000 2017,support_process_complaint
701427,701427,@AmazonHelp how long should it take to get a response to an email query sent from your help section? I've sent two requests in the past 3 days and heard nothing back. Nothing in spam folders either.,Thu Nov 23 17:17:47 +0000 2017,701426,"@287437 I'm sorry for the delay in response, Nick! In most cases, e-mails are answered within 24-48 hours. Have you tried to contact us via phone or chat? ^AL",Thu Nov 23 17:20:00 +0000 2017,support_process_complaint
380199,380199,@AmazonHelp November 7th 🙂 just wanted to confirm as making arrangements to sign for the parcel so wasn’t sure if that was dispatch date. Thank you 🙂,Mon Oct 09 08:27:53 +0000 2017,380201,@206183 We would aim to have it with you by the date in the confirmation email.If there are any changes to this we will update you.^NV,Mon Oct 09 08:31:53 +0000 2017,product_info_availability
2770653,2770653,"@AmazonHelp if I have Echo Plus in one room and Echo dot in another, can I stream different music on both, can I play the same track on both?",Tue Nov 21 14:00:29 +0000 2017,2770654,"@181569 Both Echo devices will play the same song provided you're streaming them from 2 individual apps. If you're using the same app, only one device will play the song at a time. Yes, you can stream different music using different applications. ^RI",Tue Nov 21 16:09:06 +0000 2017,product_info_availability
2166603,2166603,"@115850 Whats the point giving code which never works and give error ""This property is not participating in the offer"" -Lucky Winner of Amazon Great Indian Festival 2017",Thu Nov 09 09:51:32 +0000 2017,2166602,@635873 We would like to understand the issue in a better way. Kindly elaborate on the concern for us. ^CB,Thu Nov 09 10:05:51 +0000 2017,promo_giftcard
2937444,2937444,Hola @116928 yo en vuestro lugar no seguiría confiando en @135806 para vuestros envíos. El martes el repartidor dejó tirado el paquete en el patio. El perro no lo destrozó de milagro. Están muy lejos de vuestro servicio.,Wed Nov 29 12:01:04 +0000 2017,2937442,"@812006 Hola, lamentamos lo sucedido. Te recordamos que puedes dar valoración de lo sucedido por medio del siguiente enlace: https://t.co/qjpXgZ6jUh ^FZ",Wed Nov 29 12:03:48 +0000 2017,delivery_issue
2771673,2771673,@AmazonHelp Have sent you a message!,Tue Nov 21 13:58:01 +0000 2017,2771675,@720689 Thanks Fiona we will be in touch as soon as we can! ^SM,Tue Nov 21 14:07:48 +0000 2017,other_uncategorized
2154906,2154906,@AmazonHelp Please help . https://t.co/kMogu8n3dr,Thu Oct 19 08:53:06 +0000 2017,2154905,@633107 I get your concern. Kindly contact our support team here: https://t.co/vlvfJr4nN9 and we'll be glad to assist you. ^MP,Thu Oct 19 10:55:00 +0000 2017,other_uncategorized
248606,248606,"@AmazonHelp 
&amp; Fake update
The courier was unable to contact the recipient to arrange delivery. Please contact Amazon.
Mumbai, IN",Thu Oct 05 16:18:23 +0000 2017,248605,"@174955 I understand your order was returned without any imitation. However, we'll not be able to reinstate the order. ^SG",Thu Oct 05 16:40:25 +0000 2017,delivery_issue
1305166,1305166,@AmazonHelp ご連絡ありがとうございました。美味しかったから気になっていたのですが残念です。,Fri Oct 27 03:43:23 +0000 2017,1305167,@423580 ご希望に添えず申し訳ございません。Amazon Barにお越しいただきありがとうございました。ET,Fri Oct 27 03:50:18 +0000 2017,other_uncategorized
215733,215733,"@13173 Apologies if you’ve addressed this somewhere else, but I ordered your book from @115821 prime 11/3. Still no idea of a delivery date. Should I look for a different Xmas gift?",Tue Nov 21 23:23:39 +0000 2017,215731,"@167295 Hello, Rusty. I'm sorry you haven't received your order. What's the current order status? You can find that information here: https://t.co/Y5jpI9gRhE  ^FJ",Tue Nov 21 23:27:39 +0000 2017,delivery_issue
810781,810781,I placed a return request &amp; it was supposed to be picked up on 10th. its 13th now and I am not even contacted yet! 1/2 @115850 @AmazonHelp,Thu Oct 12 18:52:28 +0000 2017,810779,@313187 Sorry for the trouble with your return. Please contact us here: https://t.co/vlvfJr4nN9 and we'll help you with this. ^SQ,Thu Oct 12 19:17:27 +0000 2017,refund_return
197743,197743,@115850 @115821 @AmazonHelp I have click the link but not shown any reaction when reached the book in my hand.,Sat Sep 30 12:18:37 +0000 2017,197742,@162506 I'm sorry for the delay. Please visit this link: https://t.co/vlvfJr4nN9 and we'll be glad to help you. ^SI,Sat Sep 30 13:05:00 +0000 2017,account_technical
282771,282771,"#AmazonIndia product , neither you are ready to give me you seniors number , nor courier guys number ,",Fri Oct 06 12:16:15 +0000 2017,282769,@183370 Sorry to know you haven't received your item. Have you reported this to our team here: https://t.co/R3EfhzgU8B? ^PS,Fri Oct 06 12:33:36 +0000 2017,support_process_complaint
2960507,2960507,@AmazonHelp You can’t duplicate the issue because the product listing has subsequently been updated/corrected. Only my screenshots and chat logs show that you were advertising a different model for the same price.,Wed Nov 29 21:11:32 +0000 2017,2960508,"@799915 We'd like to look further into this with you, Skye. In order for us to do so, please provide your details here: https://t.co/4ZM4z8sEMO. ^WJ",Wed Nov 29 21:18:29 +0000 2017,product_info_availability
1324518,1324518,"@AmazonHelp So disappointing you changed Release Day (Mario!) tracker at 930AM! You sell the digital download, make it right so I can play?😞",Fri Oct 27 10:45:19 +0000 2017,1324517,@429076 Apologies - have we provided a new delivery date ? ^TD,Fri Oct 27 10:53:00 +0000 2017,product_info_availability
2212099,2212099,@115850 if I already have a prime subscription for 1 year and on purchase if echo I get 1 yr prime membership free.. will the two overlap (I.e. I will get only 1 yr membership) or will be it be 2yrs,Fri Nov 10 04:48:49 +0000 2017,2212098,@646527 If you already have a prime membership will have your existing membership extended by another year. ^VM,Fri Nov 10 05:05:49 +0000 2017,product_info_availability
1118023,1118023,@AmazonHelp @3375 fumbled and eventually missed another delivery. Formal complaint process? Not Amazon's fault. #happytodiscuss,Tue Oct 24 05:01:58 +0000 2017,1118025,@383801 Absolutely! I'm sorry about the missed delivery! Please contact us here https://t.co/DeuYnJch4g to leave carrier feedback! ^BE,Tue Oct 24 05:11:29 +0000 2017,delivery_issue
160429,160429,"@AmazonHelp Hi, I purchased an item from https://t.co/74EFtoe8tF on Wednesday 22nd of November and 2 days later it’s on sale quite considerably. Am I eligible for a refund to the sale price. Thanks.",Fri Nov 24 17:47:24 +0000 2017,160428,"@152958 Hi there, This item would not be eligible for price matching, as we do not offer price matching. Don't forget you 30 days to return most items for a refund. 

Hope this helps! 

-RD",Fri Nov 24 18:22:00 +0000 2017,refund_return
1474819,1474819,"@AmazonHelp Fahrenheit.. Echo is 20 off from everything I own... google, Siri, Nest all say the same Echo does not",Sat Oct 28 21:19:23 +0000 2017,1474821,@121149 Thanks for the update. Please contact us here for live troubleshooting assistance: https://t.co/EKXRLsnxJu ^GG,Sat Oct 28 21:21:30 +0000 2017,other_uncategorized
1645650,1645650,"アマゾン氏が、6日着予定（未発送）言うております。
#今日は6日ですよね？",Mon Nov 06 01:33:38 +0000 2017,1645648,"@502857 ご心配をおかけしております。
万が一、ご案内の予定日を過ぎても未着の場合には、状況を確認させていただきますので、下記URLよりカスタマーサービスにご連絡ください。https://t.co/bwBU0NvYIn TY",Mon Nov 06 01:44:55 +0000 2017,delivery_issue
2587876,2587876,"@115821 hey, it says my parcel has been delivered but it isn’t here? No safe place was said",Mon Oct 30 18:07:21 +0000 2017,2587875,@733214 Hi! Sorry to hear. Refer to this: https://t.co/NnCT42PrDO and let us know if issue remains ^CH,Mon Oct 30 18:19:45 +0000 2017,delivery_issue
474254,474254,"@115830 Hi there, having a bit of problem. I received an email saying that my delivery has been delivered, but because it was sent to my work address and after office hours.. not too sure where the delivery man has left it? it's no where to be seen.",Fri Dec 01 10:06:10 +0000 2017,474253,@227883 Sorry to hear that. We'll be happy to look into for you. Please reach out to us here: https://t.co/JzP7hlA23B ^RS,Fri Dec 01 10:19:51 +0000 2017,delivery_issue
1121627,1121627,@115850 #fake sale cancelled my order without any reason because i order it at 80% discount. if u are going to cancel then what is the need of sales,Sun Oct 15 14:22:49 +0000 2017,1130238,"@381550 We're sorry for this but when an order is canceled, it is followed by an email with the reason for cancellation. Kindly check. ^RS",Sun Oct 15 14:54:00 +0000 2017,refund_return
96807,96807,"When will you announce Amazon  LGQ6 phone app quiz  winner list.
@115850   @AmazonHelp",Thu Nov 30 00:02:18 +0000 2017,96804,"@137128 Winners for the #LGQ6AppQuiz contest will be announced by November 30, 2017. ^MP",Thu Nov 30 00:23:00 +0000 2017,other_uncategorized
1466857,1466857,"@115821, does it feel good to lie to customers after an hour 90 min call? Why offer a warranty on @60674 if you won’t honor it?",Thu Nov 02 19:25:12 +0000 2017,1466856,"@460464 I'm very sorry for this poor experience, Denise! Could you link us to the product and tell us more about what's going on? ^HM",Thu Nov 02 19:32:34 +0000 2017,support_process_complaint
421495,421495,"@AmazonHelp spedito da Amazon, ma il problema non è vostro ma dell’Agenzia incompetente.",Tue Oct 10 08:44:36 +0000 2017,421497,"@215429 Mi dispiace, segnala l'accaduto al Servizio Clienti cliccando qui: https://t.co/YtcS8zMWhk. ^MA",Tue Oct 10 08:58:00 +0000 2017,delivery_issue
180222,180222,"@115850 never expected a bullying &amp; crooked behaviour from Amazon. I requested a return of defective iPhone SE, no one from Amazon..contd#",Wed Oct 04 11:34:02 +0000 2017,180221,@158406 Suggest you to contact the manufacturer and claim the warranty. ^SG(2/2),Wed Oct 04 11:59:31 +0000 2017,refund_return
2808469,2808469,@115821 why delivery charges has been added in my order even after my order were eligible for free delivery #amazonIndia https://t.co/1umqdTUaDF,Wed Nov 22 03:43:31 +0000 2017,2808468,"@783248 Some sellers do not charge for delivery while some sellers do. Rates, restrictions, and methods vary from seller to seller and aren't set by Amazon.in.

You can check more information here: https://t.co/xMeMQNCQ6J   2/2^SC",Wed Nov 22 04:31:00 +0000 2017,delivery_issue
2578541,2578541,@AmazonHelp This was just today. It's one of the banner ads that cycle through when you refresh a few times.,Sun Nov 26 21:11:22 +0000 2017,2578542,@731039 Are you seeing any promotions listed on the checkout page of your PrimeNow order? ^CS,Sun Nov 26 21:19:00 +0000 2017,other_uncategorized
320562,320562,"@AmazonHelp What I hear from customer service is sorry. And they accept amazon has done mistake , but can't do anything!!!😌",Sat Oct 07 12:47:32 +0000 2017,320566,"@192385 I get your concern. However, the resolution provided in the email is the best at this time. Appreciate your understanding. ^HA",Sat Oct 07 13:02:55 +0000 2017,support_process_complaint
1566765,1566765,@AmazonHelp Yes also spoke with some...but the fact is issue still not resolved,Sun Nov 19 12:09:45 +0000 2017,1566766,"@483576 My apologies for the experience you've had with Kindle, Pramod. Please reply to the email sent by our kindly team for more clarification on this. ^KS",Sun Nov 19 12:19:00 +0000 2017,support_process_complaint
2984642,2984642,@AmazonHelp It is way too long to fit in a twitter reply.  I am just amazed that the largest online retailer is unable to do a simple replacement of a tv season blu ray without giving someone the run around,Thu Nov 30 07:00:00 +0000 2017,2984644,@823024 I'm sorry to hear about this. Was the blu-ray sold by a Seller on Amazon or is it currently out of stock? What was your father  advised when he contacted us? If you can give us a little more information we may be able to explain why. ^MI,Thu Nov 30 07:04:00 +0000 2017,support_process_complaint
842354,842354,"@115850 I am expecting a delivery, it says customer requested delayed delivery even though I did not. What do I do?",Fri Oct 20 13:37:42 +0000 2017,842353,@313598 Sorry for the hassle Prithvi. Please report this to our support team here: https://t.co/vlvfJr4nN9 and we'll check this. ^HN,Fri Oct 20 13:47:05 +0000 2017,delivery_issue
385083,385083,Getting cross with @115830. Order should have been delivered last Thursday... but is stuck in 'transit delay'. What does that mean?!,Mon Oct 09 11:41:22 +0000 2017,385082,"@207170 Sorry to hear this - is it with the carrier ? If so, what's their latest tracking:  https://t.co/aaDyEzjw8c  ^TD",Mon Oct 09 11:48:28 +0000 2017,delivery_issue
36535,36535,"@AmazonHelp I am not receiving any help from @123964 nor u. 
My money is LOOTED by u. 

REFUND MY MONEY",Sun Nov 12 12:21:24 +0000 2017,36536,"@123963 I get your disappointment. Suggest you to contact the manufacturer and claim the warranty. If the manufacturer denies warranty, kindly get a service denial letter. Further, I'm afraid the resolution provided is best we can offer. ^SG",Sun Nov 12 12:38:28 +0000 2017,refund_return
1768958,1768958,Oh @115830 it gets worse... why is £449.99 pending on my AmEx three times?! #xboxonex,Tue Nov 07 21:53:58 +0000 2017,1768957,"@531836 I'm sorry, we can't view charges via Twitter. Please contact us by phone here: https://t.co/JzP7hlA23B so we can take a look. ^KL",Tue Nov 07 22:48:00 +0000 2017,payment_billing
407064,407064,@AmazonHelp Non pas encore je vais le faire je n'y est pas pensé,Tue Oct 10 10:51:42 +0000 2017,407065,"@212021 Voici comment contacter votre vendeur : https://t.co/4Qq68Z6QNm
^YL",Tue Oct 10 11:01:34 +0000 2017,other_uncategorized
1261862,1261862,@AmazonHelp Okay. I will take care next time. Sorry.,Fri Oct 27 08:55:39 +0000 2017,1261863,@219760 Thank you for understanding. Our team will contact you with a resolution at the earliest. ^GU,Fri Oct 27 09:05:32 +0000 2017,other_uncategorized
2131011,2131011,Also just got notification that my @115830 parcel couldn’t be delivered cos they tried to deliver to a business address at 7:20pm. Sometimes wonder what the point of prime next day delivery is 🤔,Wed Nov 08 19:27:51 +0000 2017,2131010,@627184 I'm sorry for the poor delivery experience! Let's look into this together by phone or chat here: https://t.co/JzP7hlA23B ^TG,Wed Nov 08 19:38:00 +0000 2017,delivery_issue
1127317,1127317,"@AmazonHelp I ordered ""Logitech X100 Bluetooth Speaker"" from lightening deal at 1300rs and when it comes your delivery boy didn't wait for 5 minutes.",Tue Oct 24 10:16:19 +0000 2017,1127316,@385785 Kindly report this to our support team here: https://t.co/vlvfJr4nN9 &amp; we'll look into it right away. 2/2 ^EM,Tue Oct 24 10:32:00 +0000 2017,delivery_issue
341550,341550,@115850 Thank you and love you @115850 Quick delivery in One day for being Prime member #AmazonGreatIndianFestival https://t.co/WUs2yYvG5B,Sun Oct 15 08:33:49 +0000 2017,1109477,@381830 We try our best to make you guys happy! Hope everything you ordered works out for ya! ^PS,Sun Oct 15 10:00:00 +0000 2017,other_uncategorized
521670,521670,"@AmazonHelp Thank you. The carrier was AMZL US. One package was in West Sacramento this morning, Baltimore MD this afternoon and then back to West Sac 4 hours later.",Sat Dec 02 04:06:14 +0000 2017,521672,@240439 Thanks for that information. I'd like to have a member of our transportation team have a closer look at this. Please give us the details here: https://t.co/eQ94mU2H5F Keep us updated to what outcome we reach. ^SG,Sat Dec 02 04:16:00 +0000 2017,delivery_issue
2269285,2269285,Okay so I ordered a 21' winter cover and received a 28'...was too damned late (freezing temperatures) to just send it back. Hoped it would just be oversized...not to the ground. 🙄  @AmazonHelp https://t.co/05CIUYzqNj,Sat Nov 11 08:46:09 +0000 2017,2269284,@660348 Sorry to see this Tremayne- Have you checked out what options are available in our Return Support Center here: https://t.co/oet0W0Mo03 Let us know if we can be of any help with this. ^NV,Sat Nov 11 08:59:39 +0000 2017,delivery_issue
2435658,2435658,"@AmazonHelp I’m a little frustrated. I ordered something and paid extra for Prime one-day shipping for a birthday present, and it...",Sun Oct 29 14:30:56 +0000 2017,2435657,@222102 I'm so sorry your item didn't arrive on time! Reach out to us here: https://t.co/hApLpMlfHN so we can look into options. ^ZW,Sun Oct 29 14:37:50 +0000 2017,delivery_issue
2216661,2216661,"@AmazonHelp hasn't even gotten far enough for tracking, you failed to even disptach something I pre ordered two months ago, and now claim not to know when it will be in stock",Fri Nov 10 07:20:55 +0000 2017,2216659,"@233125 Hi, sorry to hear that, contact us here: https://t.co/JzP7hlA23B we'll look into this for you. ^AS",Fri Nov 10 07:36:30 +0000 2017,delivery_issue
2147969,2147969,ok update: it’s still not here. @115821 we got a little problem on our hands cause i️ dead paid extra for next day delivery :)))))))))))))))))))))) https://t.co/W7cJs12ONV,Thu Nov 09 00:09:49 +0000 2017,2147968,@483207 Oh no! I'm so sorry about your late airheads! Please reach out to us here via phone or chat: https://t.co/TEvlbnINzx ^BE,Thu Nov 09 00:12:00 +0000 2017,delivery_issue
1461509,1461509,@AmazonHelp Well just had an email to say delay in delivery! Paid an extra £2.99 to recieve it today!! Going to refund me that then?,Thu Nov 02 18:40:50 +0000 2017,1461511,@326241 We'd like to; please contact our support team so we can review available options with you: https://t.co/JzP7hlA23B ^WM,Thu Nov 02 18:45:00 +0000 2017,refund_return
131767,131767,"@AmazonHelp Still their is no response from your side no one come for investigation As you mention in your tweet i have provide my detail on your link
This is the way of your work its really to bad service",Wed Nov 29 12:09:34 +0000 2017,131769,"@145711 Sorry for the miss, Pratap. We'd like to have a closer look on this issue. Please fill this form: https://t.co/beaaDm0muc and we’ll contact you soon. ^RI",Wed Nov 29 12:37:28 +0000 2017,support_process_complaint
579075,579075,@AmazonHelp Safe to post the two order numbers here for you to look into?,Sun Dec 03 11:01:14 +0000 2017,579070,"@255992 We can't access any account or order information over Twitter. If you contact us and mention the issue, we'll look into what's affecting the Amazon Locker.^PJ",Sun Dec 03 11:04:25 +0000 2017,security_scam_report
2485570,2485570,@115830 really getting frustrated trying to deal with customer services,Wed Nov 15 15:49:14 +0000 2017,2485568,"@710003 Oh no! I'm sorry for the poor experience! Without revealing account or personal information, can you tell us more about what's going on? Please let us know! We're here to help. ^TG",Wed Nov 15 15:51:33 +0000 2017,support_process_complaint
77475,77475,@115825 In welcher Sprache läuft bei Euch aktuell das Freitagsspiel?,Wed Nov 29 20:45:12 +0000 2017,2960438,"@817047 Da es sich um ein Bundesliga-Spiel handelt, wird es auf Deutsch übertragen ⚽️ ^BL",Wed Nov 29 20:48:22 +0000 2017,product_info_availability
1192191,1192191,@119625 the S7 of SUITS is unavailable... the latest season of any series present in the library should be available... Food for thought!!! 🙂,Sun Oct 15 21:41:45 +0000 2017,1192190,@305364 We'll keep adding new content on prime video. Keep checking it for all the latest updates. ^MA,Sun Oct 15 21:58:00 +0000 2017,product_info_availability
1493698,1493698,"@115850 i've ordrd prodct on 26/10, ordr no 405-7464079-8912359. Yestrd i gt msg dat it is dlvrd at 3.48pm. Bt i hv nt rcvd it till now.",Fri Nov 03 10:35:12 +0000 2017,1493697,"@466864 Please don't provide your order details, we consider it personal information. Our Twitter page is visible to public. ^HA",Fri Nov 03 10:56:56 +0000 2017,delivery_issue
1661852,1661852,@AmazonHelp Then pls check with your backend team rather then asking me.,Mon Nov 06 14:28:46 +0000 2017,1661853,@506833 We'd like to look into it. Please fill this form: https://t.co/beaaDm0muc and we'll get in touch with you at the earliest. ^MO,Mon Nov 06 14:47:54 +0000 2017,support_process_complaint
1127176,1127176,"@AmazonHelp ""On the way"". I pay for prime, need these for business. 2 weeks late, no info other than ""Left Warrington 16/10/17 16:52"" is unacceptable.",Tue Oct 24 10:38:56 +0000 2017,1127174,"@385767 Thanks for confirming, what carrier is being used for the delivery? ^JJ",Tue Oct 24 10:40:30 +0000 2017,delivery_issue
2545348,2545348,So @115821 didn’t have my order delivered yesterday and it had a guarantee delivery date. I think I deserve a refund or store credit for this unexpected delay,Thu Nov 16 13:56:02 +0000 2017,2545347,@332298 Oh no! I'm sorry your order wasn't delivered when expected. Have you been provided with a reason for the delay and/or new delivery date? ^KH,Thu Nov 16 13:59:00 +0000 2017,delivery_issue
557014,557014,@115830 Why isn't the new locker at @9686's Norwich City not selectable when picking delivery locations?,Sat Dec 02 20:45:52 +0000 2017,557013,"@250061 I'm sorry your selected locker isn't available! Locker pick-up may vary based on the size of the item, the order, and locker availability. You can find out more about Pickup Location eligibility here: https://t.co/vJi5T8MBSq. I hope this helps! ^BN",Sat Dec 02 21:01:00 +0000 2017,delivery_issue
22146,22146,@AmazonHelp I did not see any email. I only had to call again. Now I see it is rescheduled for pickup tomorrow 2nd Nov.,Wed Nov 01 11:33:02 +0000 2017,22148,@120778 please respond to the email so that we can assist you accordingly. (2/2)^SU,Wed Nov 01 12:00:35 +0000 2017,delivery_issue
865670,865670,Da gusto cuando tienes un problema y @116928 te lo resuelve. Sois grandes!!,Fri Oct 13 15:04:02 +0000 2017,865669,"@325575 Estamos para ayudarte siempre que necesites, Alberto 🤗. ¡Saludos! ^AZ https://t.co/A2cchS6hve",Fri Oct 13 15:09:59 +0000 2017,other_uncategorized
1619430,1619430,@115821 why customer care no removed and disabled ? your website options are useless. hv u started ignoring customers !,Sun Nov 05 15:49:42 +0000 2017,1619429,@496426 Sorry about the trouble. Kindly connect with us here:https://t.co/vlvfJr4nN9 and we'll sort this out for you. ^PB,Sun Nov 05 16:15:09 +0000 2017,support_process_complaint
1575630,1575630,@AmazonHelp My sister received a package via Amazon but we don’t know who it’s from. How can we find out? Thx!,Sun Nov 26 03:15:47 +0000 2017,1575626,"@341532 Thanks for reaching out! If there isn't a gift note in the box, we can use the tracking number to identify the purchaser and notify them to reach out to her. You're welcome to e-mail us with this information here: https://t.co/hApLpMlfHN ^ST",Sun Nov 26 03:24:28 +0000 2017,other_uncategorized
789738,789738,"@AmazonHelp I’ve had no problems before, i always have amazon parcels left. It is secure",Thu Oct 12 12:35:40 +0000 2017,789740,"@308335 I'm sorry for the troubles! Have you spoken with us via phone or chat? If not, please do so here:https://t.co/JzP7hlA23B ^AL",Thu Oct 12 13:09:00 +0000 2017,delivery_issue
2911640,2911640,@AmazonHelp Dommage que le livreur ne m'ai pas appelé pour vérifié que je suis là,Tue Nov 28 23:20:49 +0000 2017,2911641,"@806019 C'est bien dommage, avez-vous récupéré votre colis finalement ? ^ASZ",Tue Nov 28 23:24:00 +0000 2017,delivery_issue
888260,888260,"@115830 your delivery drivers are a joke! Lazy and rude! Saw him coming, he delivered a parcel to my neighbour and dropped mine off there too despite me standing with the door open..",Sat Nov 25 16:14:17 +0000 2017,888259,"@330908 I'm very sorry for this, Paul. If you'd like to leave carrier feedback, please visit us here: https://t.co/JzP7hlA23B ^RB",Sat Nov 25 16:17:01 +0000 2017,delivery_issue
2338454,2338454,@AmazonHelp Okay for one order it was 17th of October. For the other It is today. But the products are at the last hub for the last 10 and 6 days resp..,Fri Oct 20 06:31:02 +0000 2017,2338456,@676497 Please share your details here: https://t.co/GIJyeYqKE0 and I'll reach out. (2/2) ^KA,Fri Oct 20 06:39:30 +0000 2017,delivery_issue
181149,181149,@AmazonHelp I don’t speak german. Your support says that germany department block my account. So I need contact with germany department.,Fri Aug 25 05:11:05 +0000 2017,181148,@158540 We would like to have a look into your account. Please contact our german customer service: https://t.co/Su5eCI5zdf ^TR,Fri Aug 25 05:27:00 +0000 2017,support_process_complaint
644821,644821,Still no sign of my delivery from @115830 despite it being out for delivery from 9am this morning. They have until 8pm to deliver it.,Wed Nov 22 18:12:52 +0000 2017,644819,"@273041 I'm sorry your order hasn't arrived yet. If you don't receive your parcel by the time given, please reach out to us by phone at this link here: https://t.co/hApLpMlfHN ^VS",Wed Nov 22 18:15:30 +0000 2017,delivery_issue
1262603,1262603,"@AmazonHelp @115821 Phone broke, need one tomorrow ASAP? Sorry not even option to have it shipped next day delivery anymore",Thu Oct 26 11:08:44 +0000 2017,1262598,"@412296 Hey, unfortunately it may not be available, do you have a link to the phone? ^AS",Thu Oct 26 11:11:38 +0000 2017,other_uncategorized
2290674,2290674,@AmazonHelp Thank you for looking into it here's the order ID  Order# 406-5946238-4461901 Purchased through amazon India,Sun Nov 12 11:44:52 +0000 2017,2290675,"@665377 I understand your concern. Kindly report it to our support team here: https://t.co/rS49hgaADF and we'll have this checked internally. Please don't provide your order details, we consider it to be personal information. Our page is visible to the public. ^MO",Sun Nov 12 12:11:31 +0000 2017,other_uncategorized
670421,670421,@279923 @115850 Nokia 8 ka launch karo boss.,Thu Nov 23 05:28:50 +0000 2017,670419,@128484 You can find the buying options of Nokia 8 here: https://t.co/kdk9UYeTAy. ^SI,Thu Nov 23 05:56:00 +0000 2017,other_uncategorized
1630232,1630232,@AmazonHelp now I get it. UK. Delivered by Amazon Logistics. Not the first time it has happened &amp; DPD seem to think it’s OK to do it too.,Sun Nov 05 20:06:29 +0000 2017,1630233,@498976 We'd like to make sure this is reported! Please reach us by phone or chat here:  https://t.co/JzP7hlA23B ^AB,Sun Nov 05 20:09:00 +0000 2017,delivery_issue
1544530,1544530,@116316 Habe mir COD WW2 vorbestellt um es rechtzeitig zu bekommen. Kam natürlich nicht an. Werde mir in Zukunft NICHTS mehr vorbestellen.,Sat Nov 04 02:00:18 +0000 2017,1544529,"@478413 Tut mir leid zu lesen 😔 Melde dich bitte über https://t.co/ohyvGrpvrY, damit wir dem nachgehen können. Viele Grüße ^TR",Sat Nov 04 05:26:51 +0000 2017,delivery_issue
437337,437337,@115850 Only of it was picked back.. But no refund received till date.....nobody came to pick other one... Very poor after sales service,Tue Oct 10 17:05:07 +0000 2017,437336,"@218862 Sorry to know about the delay in pick up. Please call us here: https://t.co/TK4yevTaND, and we'll assist you. ^NR",Tue Oct 10 17:39:00 +0000 2017,refund_return
2806627,2806627,@AmazonHelp I sent yu guys a dm L of the thingy.,Wed Nov 22 03:35:00 +0000 2017,2806625,@165997 Thanks! I've replied to your DM. Thank you for providing the additional details! ^ST,Wed Nov 22 03:43:31 +0000 2017,other_uncategorized
382889,382889,@AmazonHelp Uau! Economize 12 reais! Por isso eu amo a amazon ❤ Sempre fazendo o melhor para seus clientes! https://t.co/YyRYjycCU9,Sat Oct 21 13:57:00 +0000 2017,382888,@144298 E nós amamos você ❤️manda para gente uma foto bem linda do livro no momento que receber tá? 🤗 ^AZ https://t.co/vxUKqmKIB1,Sat Oct 21 14:03:01 +0000 2017,other_uncategorized
661476,661476,@AmazonHelp package never arrived and I cannot get a tracking number form the site. Second time this gas happened in 2 mo's. Please help.,Thu Nov 23 04:23:34 +0000 2017,661478,@277609 I'm sorry your package has not yet arrived. We're here to help! Please let us know current tracking information and who the carrier is. You can find that here: https://t.co/QJ8oXSk0Gf  ^SE,Thu Nov 23 04:31:28 +0000 2017,delivery_issue
1585052,1585052,"@AmazonHelp Impossible if YOU have deleted the orders. Now I know why everything is ok on your site, only   positive feedback are placed.",Thu Oct 19 12:09:53 +0000 2017,1585053,@487717 Hi Bobby- To confirm what do you mean by deleted the orders? If an order is canceled it would still show on your acc ^NV,Thu Oct 19 12:19:29 +0000 2017,support_process_complaint
231732,231732,Thank you @115821 for early delivery life saver,Thu Oct 05 10:36:07 +0000 2017,231731,@171196 😎 Glad it got to you safely. I hope you enjoy your day. ^CR,Thu Oct 05 10:56:00 +0000 2017,other_uncategorized
1610953,1610953,@115850 Being with Amazon Prime I feel cheated.... 171-3764193-1196360... disgusting delivery service,Tue Oct 17 11:16:53 +0000 2017,1610952,"@219098 Please don't provide your order details, as we consider it to be personal information. Our Twitter page is public.​ ^RW",Tue Oct 17 11:43:00 +0000 2017,delivery_issue
1264545,1264545,@AmazonHelp reported through feedback but not posted. How convenient. Now pick automatically rescheduled for no fault of mine. Compensate for screw up.,Mon Oct 16 07:30:11 +0000 2017,1264546,@416112 to see that such instances never repeat. Write to us here: https://t.co/GIJyeYqKE0 &amp; necessary escalations will be done. 2/2 ^MJ,Mon Oct 16 07:56:02 +0000 2017,support_process_complaint
2609898,2609898,"@AmazonHelp Estou planejando comprar Mr. Mercedes, Psicose e O Iluminado ❤️",Fri Nov 17 11:10:40 +0000 2017,2609900,"@738143 Que ótima escolha Jackeline 💕, achamos que você já o carriho está pronto para Black Friday, né? ^MB https://t.co/NMKXFgaAhu",Fri Nov 17 11:25:58 +0000 2017,product_info_availability
1980626,1980626,eh @120533 Il es ou mon colis ?,Wed Oct 18 18:16:18 +0000 2017,1980624,"@586297 Bonjour, rencontrez-vous un problème avec la livraison d'une commande ? ^MA",Wed Oct 18 18:21:35 +0000 2017,delivery_issue
2881847,2881847,"@AmazonHelp Hey there, I've been having problems with one of the parcels I sent to a locket to get returned... it's still not saying whether it's arrived in a UK depot as of yet... I posted it to a locker with its tags a few weeks back...",Tue Nov 28 09:34:20 +0000 2017,2881846,@799623 Have there been any updates on the return for the item?^PJ,Tue Nov 28 09:38:27 +0000 2017,delivery_issue
2290756,2290756,Called thrice &amp; waited 10 days for pick up of a returned item. Now they need me to send it myself !! Pathetic service (Pickup tracking ID: 663753729675) Help me if you can @115850 @AmazonHelp https://t.co/AveGo1ZqrA,Sun Nov 12 08:13:29 +0000 2017,2290754,"@665394 I'm sorry about the pending reverse pick up. Write to us here: https://t.co/GIJyeYqKE0 &amp; we'll fix this for you. Please don't provide tracking details, we consider it personal information. Our Twitter page is visible to public. ^MJ",Sun Nov 12 08:44:23 +0000 2017,support_process_complaint
138185,138185,"@AmazonHelp Das habe ich ja schon alles probiert. Ich habe gerade noch was anderes bestellt also an mir liegt das nicht.

Der Artikel wurde von 3 Verschiedenen Personen bereits versucht zu bestellen.",Fri Nov 24 16:01:25 +0000 2017,138186,"@147125 Sorry, letzte Antwort war nicht korrekt. Es liegt hier ein techn. Problem vor, welches wir mit dem Verkäufer klären. Kein Artikel aus dem Bestand des Verkäufers ist bestellbar. Ich verstehe, dass das ärgerlich ist, wenn genau der Artikel so günsitg angeboten wird. ^UK",Fri Nov 24 16:09:30 +0000 2017,delivery_issue
439667,439667,@115850 #GalaxyNote8AppQuiz where's the winners list ?,Wed Oct 11 23:22:54 +0000 2017,770065,@303883 Click here: https://t.co/FJpTQ7f8Ch to view the winner's list of the quiz you're referring to. ^HD,Wed Oct 11 23:27:28 +0000 2017,promo_giftcard
2943158,2943158,"@AmazonHelp Non, je n'ai pas signalé l'incident au SAV, je viens de recevoir votre mail indiquant que la livraison n'a pu se faire",Wed Nov 29 14:45:12 +0000 2017,2943160,"@813106 Afin que notre service client puisse faire des recherches à ce sujet, je vous propose de les contacter via ce lien : https://t.co/hgIrz98cdI",Wed Nov 29 14:48:00 +0000 2017,delivery_issue
1937578,1937578,@AmazonHelp @115821 Who should I contact for help with packages I believe to have been stolen?,Sun Nov 12 03:03:17 +0000 2017,1937577,"@576392 We'd like to look into this for you. At your earliest convenience, please contact us here: https://t.co/hApLpMlfHN

- Liz I",Sun Nov 12 03:09:00 +0000 2017,delivery_issue
96863,96863,@AmazonHelp My Sub/Save item was charged a week ago and still hasn't shipped -- is that normal?,Thu Nov 30 16:00:17 +0000 2017,96861,"@137142 Sorry to hear that, Araxie. Can I ask what delivery date you were provided with?^TI",Thu Nov 30 16:23:57 +0000 2017,delivery_issue
474342,474342,@115850 Same to me they didn't return money to my account after returning the product .I complaint but nothing happens,Thu Oct 26 09:26:39 +0000 2017,1260180,@363468 I'm sorry you've not received the refund yet. Could you please confirm if you've shared the details through 1/2 ^AP,Thu Oct 26 09:47:00 +0000 2017,refund_return
2497432,2497432,.@137341 Typo Alert!! 30 days of Free what?? https://t.co/RZoS8gZzJw,Mon Oct 30 02:42:35 +0000 2017,2497431,@712661 Thanks for flagging this up. We'll have it reviewed at the earliest. ^AK,Mon Oct 30 02:50:00 +0000 2017,product_info_availability
275164,275164,"@AmazonHelp Pretending to be amazon. Sending me an invoice for my prime subscription (I don't have prime, have checked my account, definitely don't!)",Sat Oct 07 08:38:02 +0000 2017,275166,@181738 You can report the email here: https://t.co/NQJ8QwRBRY ^CD,Sat Oct 07 08:56:55 +0000 2017,payment_billing
1655100,1655100,@AmazonHelp Yes I have fill that form,Tue Oct 17 14:19:21 +0000 2017,1655099,@501074 Thank you for the confirmation. We'll get back to you soon. ^SU,Tue Oct 17 14:36:00 +0000 2017,support_process_complaint
2773018,2773018,Amazon Prime: next day delivery 100% guaranteed......32% of the time. The rest of the time we'll just fob you off with any old excuse and deliver when we damn well feel like it. Have a nice day! @115830 #TuesdayThoughts,Tue Nov 21 14:13:46 +0000 2017,2773012,@231921 So sorry for your poor experience! Are you currently waiting on an order that missed the guaranteed delivery date? Let us know. We're here to help. ^AX,Tue Nov 21 14:21:31 +0000 2017,other_uncategorized
2945617,2945617,"@AmazonHelp I've shared my details twice, spoke to your customer care team twice, finally managed to speak to your delivery agent, after trying all evening, once.

I'm frankly fried now.",Wed Nov 29 16:01:31 +0000 2017,2945618,"@813367 It's never our intention to keep you waiting. If you have shared your details, we shall get in touch with you at the earliest to make things right. ^CB",Wed Nov 29 16:21:00 +0000 2017,support_process_complaint
669742,669742,"@115850 
I understand your concern is regarding the order # 407-4829849-8324364.

I'm sorry to inform you that order was cancelled due to a pricing issue.
What does that mean if this is the issue with pricing who problem is that?
You should take the responsibility and deliever.",Thu Nov 23 05:04:09 +0000 2017,669741,"@271126 We've sent a correspondence to your registered email address. Kindly refer the same for further assistance. Please don't provide your order details, as we consider it to be personal information. Our Twitter page is visible to the public. ^AU",Thu Nov 23 05:17:00 +0000 2017,refund_return
122732,122732,"アマゾンさんの支払い番号メールがいくら待っても来ないのですが！！！！！！
どうしたらいいでしょう！！！！！",Thu Nov 23 22:20:58 +0000 2017,122730,@143383 お待たせしております。お支払い番号は、商品が出荷準備に入り次第Eメールでお送りしております。Eメールの内容は、メッセージセンターでも確認いただくことができます。https://t.co/T4O8Kak3dh MH https://t.co/f0DrtEfhAE,Fri Nov 24 00:38:35 +0000 2017,payment_billing
2850730,2850730,@AmazonHelp The contest that's running right now...,Mon Nov 27 19:41:52 +0000 2017,2850732,"@191152 I understand your concern. For more info about the eligibility of the contest, please refer to the T&amp;C mentioned on the contest page. ^SV",Mon Nov 27 20:13:35 +0000 2017,promo_giftcard
1133442,1133442,@115821 I was supposed to receive my order yesterday. It shipped late and then you used USPS so I won't even get it til tomorrow. Wtf?,Sun Oct 15 15:11:00 +0000 2017,1133441,"@387077 Sorry to hear about the delay, Len. We don't expect this to happen. Please let us know if it doesn't arrive by the new date. ^AB",Sun Oct 15 15:14:00 +0000 2017,delivery_issue
707404,707404,@AmazonHelp Cheers. Will give it a go,Tue Oct 10 19:51:20 +0000 2017,707406,@289117 Let us know if you need any more help with this! ^KH,Tue Oct 10 20:02:00 +0000 2017,other_uncategorized
2260835,2260835,"@AmazonHelp Honestly, I'm already losing trust to you @115821 &amp; @AmazonHelp. My package for the third time has not been delivered (From the last Friday) thanks to @2150. Fatal fails because of its current poor service. BAD! BAD! 🤢🤢🤢",Tue Nov 14 02:23:13 +0000 2017,2260837,@658283 I'm sorry for the wait! I can understand how frustrating this is. Have you been able to reach us to review your available options? ^DW,Tue Nov 14 02:31:26 +0000 2017,delivery_issue
1515275,1515275,"My order has literally been ""shipping now"" for the past two days. For fucks sake just send it @115821 @AmazonHelp I need my cords. https://t.co/9gsggVg3ID",Fri Nov 03 18:26:24 +0000 2017,1515274,@471565 Sorry your order hasn't arrived as expected! Please reach out here: https://t.co/hApLpMlfHN so we can look into this. ^AH,Fri Nov 03 18:44:00 +0000 2017,delivery_issue
1261207,1261207,@169994 Where?!?  😮😯🙃,Thu Oct 26 15:11:27 +0000 2017,1261205,"@415453 If you have notifications for Treasure Truck turned on in your app, you'll receive an update on the location and product. ^MH",Thu Oct 26 15:17:32 +0000 2017,delivery_issue
1014702,1014702,@AmazonHelp No I have talk complain over this issue but just assurance no action they are cheater that why I tried to highlight this issue to u all,Sun Oct 22 18:59:12 +0000 2017,1014704,@360103 here: https://t.co/GIJyeYqKE0 so that we can get in touch with you. (2/2)^SQ,Sun Oct 22 19:10:30 +0000 2017,support_process_complaint
516587,516587,@AmazonHelp They resolved everything. Thank you!,Sat Dec 02 02:39:53 +0000 2017,516588,@237846 That pleases me! Let us know if you run into anymore problems. ^CH,Sat Dec 02 02:44:53 +0000 2017,other_uncategorized
1478807,1478807,@115821 dude I have been with prime since it started and it is now nothing. Free returns means nothing since you can’t return most products. https://t.co/nC351tQIuT,Fri Nov 03 06:17:17 +0000 2017,1478805,"@463401 Hey Michelle, is the item defective/not working properly? ^AT",Fri Nov 03 06:29:24 +0000 2017,other_uncategorized
2192597,2192597,"No I'm really done this time, my package was supposed to be here two fucking days ago man https://t.co/RIiFYjRnZc",Thu Nov 09 19:30:19 +0000 2017,2192596,"@641746 I'm so sorry your package hasn't arrived yet! We'd like to help, if we can. Have we missed the delivery date provided in your confirmation email? Let us know! ^BL",Thu Nov 09 19:33:00 +0000 2017,delivery_issue
1660815,1660815,@120533 @AmazonHelp Comment se faire rembourser des cosmétiques vidés dans le colis? https://t.co/mwIdienT0u,Mon Nov 06 05:09:39 +0000 2017,1660814,"@506621 Bonjour, Je suis désolé pour cela. Contactez s'il vous plaît notre SC pour qu'ils vous aident via https://t.co/hgIrz9pN5g
^YL",Mon Nov 06 06:09:00 +0000 2017,refund_return
453206,453206,Pondering how prime delivery with @115830 can take longer than Royal Mail second class delivery to arrive. Package out for delivery today (ordered Monday!) then get email to say allow another day or two for it to arrive!  #notreallyprimeisit?,Thu Nov 30 22:41:27 +0000 2017,453203,"@222531 I'm sorry your parcel is arriving later than expected! We strive to meet the delivery date provided at checkout. When you have a moment, please phone or chat with us here: https://t.co/JzP7hlA23B. We want to make sure you're provided with a new delivery date! ^BN",Thu Nov 30 22:55:00 +0000 2017,delivery_issue
2460294,2460294,@AmazonHelp Hi Az i ordered via https://t.co/hGyExr29wS,Sun Nov 26 18:47:09 +0000 2017,2460292,@704516 Thanks for the info! Orders need a little more time to process due to Black Friday and Cyber Monday. Learn more here: https://t.co/ZAUrJiwDJW. We appreciate your patience. ^SH,Sun Nov 26 18:51:08 +0000 2017,other_uncategorized
593398,593398,Think I may have to rethink my rule of purchasing all my music. A few days into @116935 Unlimited on my new @115833 and am loving it.,Sun Dec 03 18:01:21 +0000 2017,593397,@260499 We're so glad to hear you're enjoying it! 😁 ^HC,Sun Dec 03 18:06:36 +0000 2017,other_uncategorized
2827671,2827671,@AmazonHelp Already sent a mail..,Mon Nov 27 12:36:42 +0000 2017,2827676,@787586 As you've shared the required details. We'll get back to you with an update at the earliest. ^KH,Mon Nov 27 12:41:00 +0000 2017,support_process_complaint
1125153,1125153,How do you report a product on @115830 ?,Sat Nov 25 11:33:36 +0000 2017,1125152,@385299 Hi - is it an item you received - or on the Website ? ^TD,Sat Nov 25 11:38:00 +0000 2017,other_uncategorized
306205,306205,Prime readingとkindle unlimitedの区別ってどうされるの？両会員だけどアンリミ購入のボタンしか表示されない。@118500,Fri Oct 06 15:23:58 +0000 2017,306203,"@189102 Prime Reading対象コンテンツは、全てKindle Unlimitedでご利用いただけます。
そのため、LuLu様の画面ではKindle Unlimitedボタンが表示されます。
詳しくはこちら＞https://t.co/UYNjD7zb3G　MH",Fri Oct 06 23:04:32 +0000 2017,product_info_availability
1886010,1886010,"@115850 .. hi team, not able to add gift card to my account. Please check. https://t.co/Si3FpZ6EPh",Wed Oct 18 10:32:49 +0000 2017,1886009,"@562535 I'm sorry for the trouble in adding the Gift Card, call us here: https://t.co/vlvfJr4nN9 &amp; we'll check this for you. ^MJ",Wed Oct 18 11:21:28 +0000 2017,account_technical
931363,931363,"#Foto #Tapete gestern bestellt, heute da!
Von .@116316 😀 https://t.co/u9Etbhx9Do",Sat Oct 21 11:50:19 +0000 2017,931361,@294365 :) Dann mal viel Spaß beim Tapezieren - über ein Foto würden wir uns freuen ;),Sat Oct 21 11:53:28 +0000 2017,other_uncategorized
2965323,2965323,"@AmazonHelp Trying to transition to Amazon Prime Student, but the URL simply directs me back to the home page. Any help on how to actually do this? https://t.co/FlVW52nssj",Wed Nov 29 22:17:19 +0000 2017,2965321,@818107 The link should take you to the Prime Student homepage. Try clearing the cache and cookies from your browsers history and re-tapping the link. The Prime Student sign up page can also be found here: https://t.co/fjiBIMqld2 Let us know if the issue persists! ^SK,Wed Nov 29 22:24:28 +0000 2017,account_technical
816139,816139,@AmazonHelp 😍😍 https://t.co/o3A1XmYKxP,Fri Oct 13 13:15:58 +0000 2017,816140,"@314345 🙀 Nos alegra saber que ya lo recibiste, Alberto. Cuéntanos, ¿qué compraste? 🙈 ^LG",Fri Oct 13 13:34:28 +0000 2017,other_uncategorized
1260158,1260158,@AmazonHelp Its a fault in your app.,Thu Oct 26 09:51:42 +0000 2017,1260157,@415249 Have you checked for app and device updates? ^JJ,Thu Oct 26 09:54:00 +0000 2017,account_technical
2882670,2882670,"@AmazonHelp Actually, scrap that. Can you please ask the driver what the note means? https://t.co/ayRZRxmVJi",Tue Nov 28 12:10:51 +0000 2017,2882672,"@799773 As we cannot access your account via Twitter, please contact us here for more details on this delivery  https://t.co/JzP7hlA23B

-RD",Tue Nov 28 12:30:03 +0000 2017,delivery_issue
255756,255756,@115850 Ordered on 24 September 2017  Order# 408-3424812-8857141 still not delivered no intimation pls help,Thu Oct 05 18:09:45 +0000 2017,255754,"@176832 Please don't provide your order details, as we consider it to be personal info. Our page is visible to the public. ^OS",Thu Oct 05 19:04:15 +0000 2017,delivery_issue
400303,400303,@AmazonHelp @115850 the issue is of not the refund im asking how can you sell such fake products i want a new and original product at my doorstep,Tue Oct 10 07:52:34 +0000 2017,400304,@206514 Please reply to our email correspondence with further query on this and we'll be happy to help further accordingly. ^AB,Tue Oct 10 08:13:26 +0000 2017,other_uncategorized
246424,246424,@115850  https://t.co/Kx2sLVIFPy,Thu Oct 05 20:02:06 +0000 2017,258863,"@177543 For more information on this, request you to kindly check: https://t.co/gfi8dTn9cO (3/3) ^SV",Thu Oct 05 20:17:00 +0000 2017,other_uncategorized
2460804,2460804,"無事、エイト限定盤が届いた!!!
amazonさん、ありがとう♪ https://t.co/3Jqw5uqU8n",Wed Nov 15 07:17:13 +0000 2017,2460803,@704612 こちらこそ、ご購入ありがとうございました♪ 😆 TN,Wed Nov 15 07:20:26 +0000 2017,other_uncategorized
2551376,2551376,@98978 @120540 @98979 #Presidenti arrivato!!! https://t.co/cbALGib7TI,Mon Oct 30 14:54:48 +0000 2017,2551375,@724810 Buona lettura! 😊 ^CS,Mon Oct 30 15:16:32 +0000 2017,other_uncategorized
372845,372845,@115821 Why can't I talk to Alexa in the Alexa app?,Sun Oct 08 23:52:58 +0000 2017,372844,@180859 We're always looking for ways to improve. You can submit feedback directly to our Alexa team: https://t.co/IaMpdMyJUM ^KB,Sun Oct 08 23:59:00 +0000 2017,account_technical
461372,461372,@AmazonHelp Is there anything anyone can do to help me? Chat and phone have been worthless. I need this escalated if possible.,Fri Dec 01 01:43:02 +0000 2017,461369,"@224620 We are happy to get you the help you need, before we escalate you, could you provide a bit more detail as to exactly what occurred with your poor experience. ^BT",Fri Dec 01 02:01:28 +0000 2017,support_process_complaint
328468,328468,"@AmazonHelp @115821 When does a pre order item ship relative to its release date?? ex. If release is Nov.7 when will it ship, I have prime",Sat Oct 07 17:34:46 +0000 2017,328466,@194317 Great question! Was your item eligible for Release Date Delivery? ^AC,Sat Oct 07 17:38:00 +0000 2017,product_info_availability
1188974,1188974,"@AmazonHelp Crap!! Who needs your apology! Either you deliver, or take back everything. On a recorded line I’ve initiated a return! Record that!",Wed Oct 25 09:03:59 +0000 2017,1188976,"@338159 We are working with logistics towards delivering this order, appreciate your patience. ^MJ",Wed Oct 25 09:13:39 +0000 2017,refund_return
2652364,2652364,@AmazonHelp How long would you take to resolve an issue? It's been 3 days,Mon Nov 20 05:08:59 +0000 2017,2652366,"@285435 I know it's taken more time than expected, Sakthi. Please be assured that we're working on this and we'll get back to you soon with an appropriate resolution. ^SY",Mon Nov 20 05:28:00 +0000 2017,support_process_complaint
